-- phpMyAdmin SQL Dump
-- version 4.9.2
-- https://www.phpmyadmin.net/
--
-- Máy chủ: 127.0.0.1
-- Thời gian đã tạo: Th3 13, 2021 lúc 06:40 PM
-- Phiên bản máy phục vụ: 10.4.11-MariaDB
-- Phiên bản PHP: 7.4.1

SET SQL_MODE = "NO_AUTO_VALUE_ON_ZERO";
SET AUTOCOMMIT = 0;
START TRANSACTION;
SET time_zone = "+00:00";


/*!40101 SET @OLD_CHARACTER_SET_CLIENT=@@CHARACTER_SET_CLIENT */;
/*!40101 SET @OLD_CHARACTER_SET_RESULTS=@@CHARACTER_SET_RESULTS */;
/*!40101 SET @OLD_COLLATION_CONNECTION=@@COLLATION_CONNECTION */;
/*!40101 SET NAMES utf8mb4 */;

--
-- Cơ sở dữ liệu: `newspaperdb`
--

-- --------------------------------------------------------

--
-- Cấu trúc bảng cho bảng `article`
--

CREATE TABLE `article` (
  `IDArticle` int(11) NOT NULL,
  `Title` varchar(200) CHARACTER SET utf8 COLLATE utf8_unicode_ci NOT NULL,
  `Content` text CHARACTER SET utf8 COLLATE utf8_unicode_ci NOT NULL,
  `Avatar` varchar(100) NOT NULL,
  `BigAvatar` varchar(100) NOT NULL,
  `IsPremium` tinyint(1) NOT NULL,
  `Abstract` varchar(500) CHARACTER SET utf8 COLLATE utf8_unicode_ci NOT NULL,
  `Writter` int(11) NOT NULL,
  `Status` int(11) NOT NULL,
  `Views` int(11) DEFAULT 0,
  `Ranks` int(11) DEFAULT 0,
  `TimePublish` datetime DEFAULT NULL,
  `IDCate` int(11) NOT NULL,
  `IDSubCategory` int(11) NOT NULL
) ENGINE=InnoDB DEFAULT CHARSET=armscii8;

--
-- Đang đổ dữ liệu cho bảng `article`
--

INSERT INTO `article` (`IDArticle`, `Title`, `Content`, `Avatar`, `BigAvatar`, `IsPremium`, `Abstract`, `Writter`, `Status`, `Views`, `Ranks`, `TimePublish`, `IDCate`, `IDSubCategory`) VALUES
(4, 'Cảm nhận về Hạ Long trong tiết trời đẹp đẽ của mùa thu', '<p>T&ocirc;i đến Hạ Long khi miền Bắc Việt Nam vừa bước sang Thu, c&aacute;i độ m&agrave; kh&ocirc;ng kh&iacute; tuy c&ograve;n n&oacute;ng nhưng Hạ Long cũng đ&atilde; bớt &ldquo;rực lửa&rdquo;, thay v&agrave;o đ&oacute; l&agrave; vẻ đẹp dịu d&agrave;ng đến kinh ngạc. Nước biển xanh như ngọc, nắng v&agrave;ng lấp l&aacute;nh, từng con s&oacute;ng x&ocirc; v&agrave;o bờ nghe như tiếng l&ograve;ng của biển cả, cứ tầm chiều chiều, ho&agrave;ng h&ocirc;n lại nhuộn t&iacute;m cả biển trời m&ecirc;nh m&ocirc;ng.</p>\r\n<p>Hạ Long v&agrave;o m&ugrave;a thu đẹp lắm, như một n&agrave;ng ti&ecirc;n nữ kho&aacute;c l&ecirc;n m&igrave;nh một bộ c&aacute;nh mỏng manh, ẩn hiện, la đ&agrave; tr&ecirc;n mặt biển buổi s&aacute;ng sớm, rồi dần dần nhưng tia nắng sớm len lỏi qua, n&agrave;ng giật m&igrave;nh ngại ng&ugrave;ng, e thẹn. Giữa một kh&ocirc;ng gian huyền ảo v&agrave; nhẹ nh&agrave;ng ấy, truyền thuyết về rồng mẹ v&agrave; rồng con xuống trần gian gi&uacute;p người đ&aacute;nh giặc được kể lại qua giọng văn h&agrave;o sảng của hướng dẫn vi&ecirc;n, rồi tiếp đến l&agrave; chuyện t&igrave;nh cảm động của đ&ocirc;i nam nữ đến từ hang Trinh Nữ. Tr&ecirc;n chiếc du thuyền hạng trung b&igrave;nh, ch&uacute;ng t&ocirc;i say sưa ngắm nh&igrave;n những h&ograve;n đảo đ&aacute; v&ocirc;i kh&ocirc;ng lồ mang t&ecirc;n ngộ nghĩnh như: H&ograve;n Y&ecirc;n Ngựa, h&ograve;n Đỉnh Hương, h&ograve;n Con C&oacute;c, h&ograve;n Đầu B&ecirc;, h&ograve;n Đũa, h&ograve;n Đầu Người, h&ograve;n &Ocirc;ng Bụt &hellip;</p>\r\n<p><img title=\"Cảm nhận về Hạ Long trong tiết trời đẹp đẽ của m&ugrave;a thu2\" src=\"https://www.halongwave.vn/images/Blog/cam-nhan-ve-ha-long-trong-thoi-tiet-dep-de-cua-mua-thu2.jpg\" alt=\"Cảm nhận về Hạ Long trong tiết trời đẹp đẽ của m&ugrave;a thu2\" width=\"700\" height=\"394\" /></p>\r\n<p><em>Hạ Long v&agrave;o m&ugrave;a thu như một n&agrave;ng ti&ecirc;n nữ kho&aacute;c l&ecirc;n m&igrave;nh một bộ c&aacute;nh mỏng manh, ẩn hiện, la đ&agrave; tr&ecirc;n mặt biển buổi s&aacute;ng sớm</em></p>\r\n<p><img title=\"Cảm nhận về Hạ Long trong tiết trời đẹp đẽ của m&ugrave;a thu5\" src=\"https://www.halongwave.vn/images/Blog/cam-nhan-ve-ha-long-trong-thoi-tiet-dep-de-cua-mua-thu5.jpg\" alt=\"Cảm nhận về Hạ Long trong tiết trời đẹp đẽ của m&ugrave;a thu5\" width=\"700\" height=\"448\" /></p>\r\n<p><em>Hạ Long v&agrave;o m&ugrave;a thu kh&ocirc;ng qu&aacute; &agrave;o ạt như m&ugrave;a h&egrave;, cũng kh&ocirc;ng trầm mặc như m&ugrave;a đ&ocirc;ng</em></p>\r\n<p>Hạ Long v&agrave;o m&ugrave;a thu kh&ocirc;ng qu&aacute; &agrave;o ạt như m&ugrave;a h&egrave;, cũng kh&ocirc;ng trầm mặc như m&ugrave;a đ&ocirc;ng, nắng kh&ocirc;ng c&ograve;n ch&oacute;i chang, cũng chẳng c&ograve;n những cơn b&atilde;o lớn. Trời v&agrave; nước như h&ograve;a v&agrave;o l&agrave;m một, l&agrave;n nước trong xanh nối liền với bầu trời xanh biếc, từng cơn gi&oacute; nhẹ vuốt ve m&aacute;i t&oacute;c mềm, lướt qua l&agrave;n m&ocirc;i đỏ, vị mằn mặn của biển cả lan v&agrave;o lồng ngực mang đến cho bạn cảm gi&aacute;c sảng kho&aacute;i, tinh kh&ocirc;i đến v&ocirc; c&ugrave;ng. Ở Hạ Long, m&ugrave;a thu được xem l&agrave; m&ugrave;a l&atilde;ng mạn nhất trong năm, l&uacute;c n&agrave;y c&acirc;y cối v&ocirc; c&ugrave;ng xanh mướt. N&oacute;i đến đ&acirc;y mới chợt nhớ ra rằng, biển Hạ Long th&igrave; đẹp thật đấy nhưng liệu trong số ch&uacute;ng ta c&oacute; bao nhi&ecirc;u người biết rằng, n&uacute;i non ở đ&acirc;y cũng mang vẻ đẹp rất kh&oacute; qu&ecirc;n. Đồi n&uacute;i Hạ Long được bao phủ bởi một m&agrave;u xanh c&acirc;y l&aacute; quanh năm tươi tốt. M&agrave;u xanh ấy ch&iacute;nh l&agrave; biểu tượng của nhựa sống tr&agrave;n trề, sức khỏe dồi d&agrave;o, &yacute; ch&iacute; vươn l&ecirc;n kh&ocirc;ng biết mệt mỏi của người d&acirc;n nơi đ&acirc;y. Ở Hạ Long, đi đ&acirc;u cũng thấy thấp tho&aacute;ng h&igrave;nh ảnh của n&uacute;i non, xem kẽ v&agrave;o đ&oacute; l&agrave; v&ocirc; số t&ograve;a nh&agrave; cao tầng, kh&aacute;ch sạn, nh&agrave; nghỉ, khu d&acirc;n cư, rồi khu vui chơi giải tr&iacute;&hellip;Tất cả như đang dựa m&igrave;nh v&agrave;o n&uacute;i m&agrave; đứng l&ecirc;n.</p>\r\n<p>Đến Hạ Long, đừng mải miết chạy theo cảnh đẹp, m&agrave; h&atilde;y d&agrave;nh ra ch&uacute;t thời gian thưởng thức hải sản ngay tr&ecirc;n vịnh biển &ecirc;m đềm, một số m&oacute;n đặc sản biển phải kể đến như t&ocirc;m, cua, mực, chả mực, c&aacute; gi&ograve;&hellip; Hương vị ấy, c&oacute; lẽ khi du kh&aacute;ch vừa trải qua chuyến kh&aacute;m ph&aacute; th&uacute; vị, nh&agrave;n tản tr&ecirc;n chiếc du thuyền tho&aacute;ng m&aacute;t, vừa ăn vừa ngắm những đảo đ&aacute; huyền thoại mới c&oacute; được chăng?</p>\r\n<p><img title=\"Cảm nhận về Hạ Long trong tiết trời đẹp đẽ của m&ugrave;a thu3\" src=\"https://www.halongwave.vn/images/Blog/cam-nhan-ve-ha-long-trong-thoi-tiet-dep-de-cua-mua-thu3.jpg\" alt=\"Cảm nhận về Hạ Long trong tiết trời đẹp đẽ của m&ugrave;a thu3\" width=\"700\" height=\"467\" /></p>\r\n<p><em>Đừng qu&ecirc;n thưởng thức hải sản ở Hạ Long</em></p>\r\n<p>Phải th&uacute; thật, t&ocirc;i đ&atilde; đến nhiều v&ugrave;ng biển kh&aacute;c nhau nhưng m&ugrave;i hương mặn m&ograve;i của biển Hạ Long th&igrave; kh&ocirc;ng nơi n&agrave;o c&oacute; được. N&oacute; c&oacute; được từ sự h&ograve;a quyện của vị biển, vị n&uacute;i rừng non nước v&agrave; c&aacute;i &acirc;n t&igrave;nh đậm s&acirc;u của con người nơi đ&acirc;y. Khi m&ugrave;i vị ấy vẫn c&ograve;n đang lưu luyến th&igrave; đừng qu&ecirc;n ngước l&ecirc;n ngắm chiếc cầu d&acirc;y văng lớn nhất Đ&ocirc;ng Nam &Aacute;. Đối với bạn, cầu B&atilde;i Ch&aacute;y chỉ đơn giản l&agrave; một c&acirc;y cầu c&oacute; gi&aacute; trị về kiến tr&uacute;c v&agrave; thẩm mỹ th&igrave; đối với người Hạ Long, n&oacute; ch&iacute;nh l&agrave; biểu tượng của xứ sở qu&ecirc; hương.</p>\r\n<p>Hạ Long đẹp thật, nhưng lại c&oacute; người n&oacute;i với t&ocirc;i rằng: Nh&igrave;n Hạ Long lần 1 kh&ocirc;ng thấy ch&aacute;n, lần 2 kh&ocirc;ng thấy ch&aacute;n, lần 3 cũng kh&ocirc;ng thấy ch&aacute;n, nhưng đến lần thứ 4 đ&atilde; thấy nhạt dần. Đ&oacute; l&agrave; người ta, c&ograve;n trong mắt t&ocirc;i, Hạ Long đẹp trường tồn, mỗi ng&agrave;y lại đẹp 1 kiểu kh&aacute;c nhau, mỗi ng&agrave;y tr&ocirc;i qua, Hạ Long lại đẹp th&ecirc;m 1 ch&uacute;t.</p>', 'c8c06992-d767-4763-945a-ef56648c4d97.png', 'c8c06992-d767-4763-945a-ef56648c4d97.png', 0, 'Hiếm có đâu như ở Việt Nam, ngắm cảnh sắc thiên nhiên mà ngắm hoài không hết. Ở Việt Nam, cũng hiếm nơi nào được như Vịnh Hạ Long – Kỳ quan thiên nhiên thế giới, với hơn 2000 đảo lớn nhỏ đẹp đến mê hồn. Đến Hạ Long mùa nào cũng đẹp, nhưng phải kể đến mùa thu. Con tim bạn đã từng xao xuyến bởi mùa thu Hà Nội, còn mùa thu Hạ Long thì thế nào, đã bao giờ bạn từng nghĩ tới?\r\n', 3, 4, 1, 0, '2021-03-13 22:49:02', 49, 17),
(5, 'Cảm nhận trọn vẹn vẻ đẹp Vịnh Hạ Long từ trên cao', '<p>Vịnh Hạ Long l&agrave; điểm du lịch nổi tiếng với du kh&aacute;ch trong v&agrave; ngo&agrave;i nước. Th&ocirc;ng thường chuyến kh&aacute;m ph&aacute; vịnh sẽ k&eacute;o d&agrave;i khoảng hai ng&agrave;y bằng &ocirc; t&ocirc;, trong đ&oacute; một ng&agrave;y d&agrave;nh cho việc di chuyển từ H&agrave; Nội đến đ&acirc;y v&agrave; trở về. Để l&agrave;m mới h&agrave;nh tr&igrave;nh, ngo&agrave;i c&aacute;c phương tiện bằng đường bộ, du kh&aacute;ch c&oacute; thể chọn thủy phi cơ, mới được đưa v&agrave;o khai th&aacute;c từ th&aacute;ng 9/2014.</p>\r\n<p><a href=\"https://sanvemaybay.vn/includes/uploads/2015/07/cam-nhan-ve-dep-vinh-ha-long-tu-tren-cao-1.jpg\"><img class=\"alignnone size-full wp-image-4331\" src=\"https://sanvemaybay.vn/includes/uploads/2015/07/cam-nhan-ve-dep-vinh-ha-long-tu-tren-cao-1.jpg\" alt=\"cam-nhan-ve-dep-vinh-ha-long-tu-tren-cao-1\" width=\"500\" height=\"309\" /></a></p>\r\n<p><strong>Lựa chọn 1: T&uacute;i tiền rủng rỉnh</strong></p>\r\n<p>Để kh&ocirc;ng mất thời gian đi lại, bạn c&oacute; thể đăng k&yacute; h&agrave;nh tr&igrave;nh khứ hồi H&agrave; Nội &ndash; Hạ Long. Mỗi ng&agrave;y c&oacute; 2 chuyến, cất c&aacute;nh l&uacute;c 9h v&agrave; 12h45. T&ugrave;y thuộc v&agrave;o lịch tr&igrave;nh tự sắp xếp, bạn chọn chuyến s&aacute;ng hoặc chiều v&agrave; đ&oacute;n taxi l&ecirc;n nh&agrave; ga T1, s&acirc;n bay Nội B&agrave;i v&agrave; l&agrave;m thủ tục check-in tại sảnh A, quầy số 10.</p>\r\n<p>Trong thời gian 60 ph&uacute;t bay H&agrave; Nội &ndash; Hạ Long, du kh&aacute;ch sẽ c&oacute; 15 ph&uacute;t ngắm vịnh từ độ cao 500 &ndash; 3.000 m. Thu v&agrave;o tầm mắt l&agrave; h&agrave;ng ngh&igrave;n h&ograve;n đảo đ&aacute; v&ocirc;i nh&ocirc; l&ecirc;n giữa mặt nước y&ecirc;n b&igrave;nh m&agrave;u xanh ngọc. Sau đ&oacute;, thủy phi cơ hạ c&aacute;nh tại đảo Tuần Ch&acirc;u v&agrave; khởi h&agrave;nh trở về l&uacute;c 11h30 v&agrave; 16h h&agrave;ng ng&agrave;y.</p>\r\n<p><a href=\"https://sanvemaybay.vn/includes/uploads/2015/07/cam-nhan-ve-dep-vinh-ha-long-tu-tren-cao-2.jpg\"><img class=\"alignnone size-full wp-image-4332\" src=\"https://sanvemaybay.vn/includes/uploads/2015/07/cam-nhan-ve-dep-vinh-ha-long-tu-tren-cao-2.jpg\" alt=\"cam-nhan-ve-dep-vinh-ha-long-tu-tren-cao-2\" width=\"500\" height=\"333\" /></a></p>\r\n<p>Tuy nhi&ecirc;n, bạn kh&ocirc;ng n&ecirc;n về ngay m&agrave; đăng k&yacute; th&ecirc;m tour du thuyền để kh&aacute;m ph&aacute; vịnh Hạ Long trong khoảng 3 giờ v&agrave; ăn trưa ngay tr&ecirc;n t&agrave;u (khoảng một triệu đồng). Bạn sẽ c&oacute; trải nghiệm đ&aacute;ng nhớ với bữa trưa theo phong c&aacute;ch &Aacute; &ndash; &Acirc;u giữa vịnh biển, chi&ecirc;m ngưỡng c&aacute;c hang đ&aacute; v&agrave; ch&egrave;o thuyền kayak.</p>\r\n<p>Thời gian tối thiểu: một ng&agrave;y</p>\r\n<p>Tổng chi ph&iacute;: từ 16 triệu (đi lại, bay, ăn uống, tour du thuyền).</p>\r\n<p><strong>Lựa chọn 2: Chi ph&iacute; vừa phải</strong></p>\r\n<p>Để tiết kiệm hơn, bạn c&oacute; thể chọn bay một chiều từ H&agrave; Nội đến Hạ Long, sau đ&oacute; trở về bằng xe kh&aacute;ch. H&agrave;nh tr&igrave;nh bay tương tự như tr&ecirc;n, nhưng sau khi hạ c&aacute;nh, bạn c&oacute; thể tự do l&ecirc;n lịch để kh&aacute;m ph&aacute;, vui chơi.</p>\r\n<p>Gần nhất l&agrave; khu giải tr&iacute; Tuần Ch&acirc;u. Bạn đ&oacute;n taxi để đến cổng mua v&eacute; v&agrave;o, gi&aacute; 300.000 đồng một người. Tại đ&acirc;y c&oacute; nhiều chương tr&igrave;nh biểu diễn như xiếc c&aacute; heo, c&aacute; sấu, nhạc nước&hellip; Bạn cũng c&oacute; thể tham quan khu vui chơi ngo&agrave;i trời v&agrave; thử t&agrave;i với c&aacute;c tr&ograve; chơi vận động như lướt v&aacute;n, can&ocirc; k&eacute;o d&ugrave;, m&ocirc;t&ocirc; trượt nước&hellip;</p>\r\n<p><a href=\"https://sanvemaybay.vn/includes/uploads/2015/07/cam-nhan-ve-dep-vinh-ha-long-tu-tren-cao-3.jpg\"><img class=\"alignnone size-full wp-image-4333\" src=\"https://sanvemaybay.vn/includes/uploads/2015/07/cam-nhan-ve-dep-vinh-ha-long-tu-tren-cao-3.jpg\" alt=\"cam-nhan-ve-dep-vinh-ha-long-tu-tren-cao-3\" width=\"500\" height=\"333\" /></a></p>\r\n<p>Khu ẩm thực Tuần Ch&acirc;u cũng l&agrave; lựa chọn ph&ugrave; hợp để du kh&aacute;ch d&ugrave;ng bữa trưa kh&ocirc;ng phải di chuyển nhiều. Bạn sẽ được thưởng thức nhiều m&oacute;n ăn đa dạng v&agrave; phong ph&uacute; với gi&aacute; một suất từ 150.000 đồng trở l&ecirc;n. Đến khoảng 17h, bạn gọi taxi đưa ra cổng ch&agrave;o Tuần Ch&acirc;u ở quốc lộ 18 để bắt xe trở về H&agrave; Nội, gi&aacute; v&eacute; 100.000 đồng một người.</p>\r\n<p>Thời gian tối thiểu: một ng&agrave;y</p>\r\n<p>Tổng chi ph&iacute;: khoảng 9 triệu đồng (đi lại, ăn trưa, bay).<br /><strong>Lựa chọn 3: Tiết kiệm</strong></p>\r\n<p>C&aacute;ch tốt nhất để kh&ocirc;ng phải chi qu&aacute; nhiều tiền m&agrave; vẫn c&oacute; thể chi&ecirc;m ngưỡng vịnh từ tr&ecirc;n cao l&agrave; bạn đi xe kh&aacute;ch hoặc phương tiện c&aacute; nh&acirc;n cả lượt đi &ndash; về v&agrave; đăng k&yacute; tour bay ngắm cảnh 25 ph&uacute;t. Từ H&agrave; Nội, bắt xe chạy tuyến Quảng Ninh ở bến Mỹ Đ&igrave;nh, Gia L&acirc;m, Lương Y&ecirc;n&hellip;, dừng ở cổng ch&agrave;o Tuần Ch&acirc;u (chưa đến bến xe B&atilde;i Ch&aacute;y) rồi đ&oacute;n taxi v&agrave;o cảng. C&ograve;n xe ri&ecirc;ng bạn đi thẳng theo quốc lộ 18, cổng ch&agrave;o Tuần Ch&acirc;u nằm ở ph&iacute;a tay phải.</p>\r\n<p>Thủy phi cơ sẽ cất c&aacute;nh từ cảng Tuần Ch&acirc;u v&agrave; quay về điểm xuất ph&aacute;t sau khi kết th&uacute;c h&agrave;nh tr&igrave;nh bay v&ograve;ng quanh c&aacute;c đảo Hạ Long. Mỗi ng&agrave;y c&oacute; 3 chuyến, khởi h&agrave;nh v&agrave;o c&aacute;c khung giờ l&agrave; 10h30, 14h, 14h40. T&ugrave;y thuộc v&agrave;o giờ đến Tuần Ch&acirc;u v&agrave; lịch bay đăng k&yacute; m&agrave; bạn ăn trưa trước hoặc sau chuyến bay.</p>\r\n<p>Buổi tối, bạn c&oacute; thể thu&ecirc; nh&agrave; nghỉ, kh&aacute;ch sạn tại B&atilde;i Ch&aacute;y (gi&aacute; 350.000 &ndash; 500.000 đồng một ph&ograve;ng) để nghỉ ngơi, tắm biển v&agrave; kh&aacute;m ph&aacute; th&agrave;nh phố Hạ Long.</p>\r\n<p>Thời gian tối thiểu: hai ng&agrave;y</p>\r\n<p>Tổng chi ph&iacute;: hơn 6 triệu đồng (đi lại, ăn trưa, bay).</p>', '0b755971-9fd7-4b70-b35b-912f3ece11e1.png', '0b755971-9fd7-4b70-b35b-912f3ece11e1.png', 0, 'Cảm nhận trọn vẹn vẻ đẹp Vịnh Hạ Long từ trên cao. Vẻ đẹp của Vịnh Hạ Long được ca ngợi là sự kì vĩ của thiên nhiên. Từ xưa, Vịnh Hạ Long đã được Danh nhân văn hóa Nguyễn Trãi mệnh danh là “kỳ quan đất dựng giữa trời cao”.', 3, 4, 3, 0, '2021-03-13 22:49:06', 49, 17),
(6, 'Thăm Hội An Để Cảm Nhận Sự Bình Yên Nơi Phố Cổ', '<p><strong>Di chuyển đến Hội An như thế n&agrave;o?</strong></p>\r\n<p>Từ H&agrave; Nội hoặc th&agrave;nh phố Hồ Ch&iacute; Minh, bạn kh&ocirc;ng thể đến thẳng Hội An bằng t&agrave;u hỏa, m&aacute;y bay hay xe kh&aacute;ch th&ocirc;ng thường. Du kh&aacute;ch thường phải dừng ch&acirc;n ở Đ&agrave; Nẵng, sau đ&oacute; đi xe khoảng 30km nữa mới đến được Hội An. V&igrave; vậy, lời khuy&ecirc;n của ch&uacute;ng t&ocirc;i l&agrave;&nbsp; d&ugrave;ng xe Open Bus sẽ l&agrave; một lựa chọn kh&aacute; tiện lợi bởi xe chủ yếu phục vụ kh&aacute;ch du lịch n&ecirc;n thường rất sạch sẽ, gi&aacute; cả vừa phải thậm ch&iacute; rẻ hơn cả xe kh&aacute;ch th&ocirc;ng thường v&agrave; được trải nghiệm rất nhiều điều th&uacute; vị suốt qu&atilde;ng đường đi. Đặc biệt, xe sẽ chạy thẳng n&ecirc;n chuyến đi sẽ rất thuận lợi, kh&ocirc;ng phải lo t&igrave;m xe để di chuyển từ Đ&agrave; Nẵng tới Hội An.</p>\r\n<p><strong>Ngắm vẻ b&igrave;nh y&ecirc;n v&agrave; thơ mộng của phố cổ Hội An</strong></p>\r\n<p>Ở trong khu vực Phổ cổ Hội An, người d&acirc;n v&agrave; du kh&aacute;ch chủ yếu đi lại bằng xe đạp hoặc đi bộ. Bạn kh&ocirc;ng nghe tiếng động cơ, m&ugrave;i kh&oacute;i, m&ugrave;i xăng xe như ở bất kỳ những th&agrave;nh phố kh&aacute;c. Dạo quanh phố cổ Hội An, bước chầm chậm qua những con phố nhỏ b&igrave;nh y&ecirc;n, ngắm vẻ đẹp của những ng&ocirc;i nh&agrave; cổ, những con ng&otilde; vắng vẻ bạn sẽ thấy m&igrave;nh đang đi lạc v&agrave;o một xứ sở xưa cũ, với tất cả mọi điều đều diễn ra một c&aacute;ch thật chậm, thật nhẹ nh&agrave;ng.</p>\r\n<p><img src=\"https://saodieu.vn/media/Anh%20Bai%20Viet%20-%20Dong%20Dau/2015.09.16WT15-1.jpg\" alt=\"\" width=\"900\" height=\"539\" /></p>\r\n<p><em>Phố cổ Hội An b&igrave;nh y&ecirc;n với nhịp sống chậm r&atilde;i, nhẹ nh&agrave;ng</em></p>\r\n<p>Phố cổ Hội An đặc biệt đẹp v&agrave; lung linh sắc m&agrave;u l&uacute;c đ&ecirc;m về. Bạn sẽ v&ocirc; c&ugrave;ng ngạc nhi&ecirc;n khi nghĩ m&igrave;nh đang ở trong một thế giới lung linh sắc m&agrave;u, Hội An về đ&ecirc;m đẹp như một bức tranh vừa cổ xưa, vừa ngập tr&agrave;n &aacute;nh s&aacute;ng lại huyền b&iacute; v&agrave; s&acirc;u thẳm. Dọc bờ s&ocirc;ng Ho&agrave;i, những ngọn đ&egrave;n hoa đăng được thả tr&ocirc;i theo d&ograve;ng nước, cứ chầm chậm tr&ocirc;i, mang chở bao hy vọng về sự may mắn v&agrave; ấm &aacute;p của mỗi người cho những người th&acirc;n y&ecirc;u của m&igrave;nh.</p>\r\n<p><strong>Tham quan những c&ocirc;ng tr&igrave;nh kiến tr&uacute;c cổ ở Hội An</strong></p>\r\n<p>Ch&ugrave;a Cầu, c&ograve;n được gọi l&agrave; cầu Nhật Bản, c&acirc;y cầu được mệnh danh l&agrave; vi&ecirc;n ngọc ở giữa l&ograve;ng phố Hội. Được x&acirc;y dựng từ cuối thế kỷ 16, c&acirc;y cầu bắc ngang con lạch nhỏ chảy ra d&ograve;ng Thu Bồn, ở giữa cầu l&agrave; một ng&ocirc;i miếu nhỏ thờ Huyền Thi&ecirc;n Đại Đế. Ch&ugrave;a Cầu c&oacute; kiến tr&uacute;c v&agrave; c&aacute;c họa tiết trang tr&iacute; rất độc đ&aacute;o, l&agrave; sự tổng h&ograve;a của c&aacute;c phong c&aacute;ch kiến tr&uacute;c Việt Nam, Trung Quốc, Nhật Bản v&agrave; cả phương T&acirc;y. Mặt ch&ugrave;a quay về ph&iacute;a bờ s&ocirc;ng, m&aacute;i ch&ugrave;a rộng lớn che to&agrave;n bộ c&acirc;y cầu, tấm biển lớn tr&ecirc;n cửa ch&iacute;nh chạm nổi 3 chữ lớn bằng tiếng H&aacute;n l&agrave; Lai V&atilde;n Kiều. Đ&acirc;y l&agrave; điểm đến thu h&uacute;t rất nhiều du kh&aacute;ch thập phương đến tham quan, chi&ecirc;m b&aacute;i mỗi khi c&oacute; dịp đến Hội An.</p>\r\n<p><img src=\"https://saodieu.vn/media/Anh%20Bai%20Viet%20-%20Dong%20Dau/2015.09.16WT15-2.jpg\" alt=\"\" width=\"900\" height=\"539\" /></p>\r\n<p><em>Ch&ugrave;a Cầu l&agrave; một c&ocirc;ng tr&igrave;nh tổng h&ograve;a của c&aacute;c kiến tr&uacute;c Việt, Hoa, Nhật Bản v&agrave; ch&acirc;u &Acirc;u</em></p>\r\n<p>C&aacute;c hội qu&aacute;n như Quảng Đ&ocirc;ng, Ph&uacute;c Kiến, Triều Ch&acirc;u cũng l&agrave; những c&ocirc;ng tr&igrave;nh kiến tr&uacute;c t&acirc;m linh nổi tiếng, được người Hoa Kiều x&acirc;y v&agrave;o những năm giữa thế kỷ 19, để thờ c&aacute;c vị thần nhằm cầu mong cho việc bu&ocirc;n b&aacute;n của họ được thuận buồm xu&ocirc;i gi&oacute;, ăn n&ecirc;n l&agrave;m ra. C&aacute;c hội qu&aacute;n đều c&oacute; gi&aacute; trị độc đ&aacute;o về kiến tr&uacute;c, được x&acirc;y dựng v&agrave; trang tr&iacute; bằng những họa tiết chạm trổ rất c&ocirc;ng phu, g&oacute;p phần tạo n&ecirc;n vẻ đẹp cổ k&iacute;nh cho tổng thể kiến tr&uacute;c phổ cổ Hội An.</p>\r\n<p>Nh&agrave; cổ Tấn K&yacute;, mang kiến tr&uacute;c đặc trưng của nh&agrave; cổ phố Hội, l&agrave; một trong những nh&agrave; cổ nổi tiếng nhất ở Hội An. Từng đường n&eacute;t trong ng&ocirc;i nh&agrave; đều được chạm khắc c&ocirc;ng phu v&agrave; tỉ mỉ bằng b&agrave;n tay t&agrave;i kh&eacute;o của những người thợ mộc t&agrave;i hoa l&agrave;ng Kim Bồng. Trải qua 7 thế hệ của d&ograve;ng họ L&ecirc; g&igrave;n giữ, đến nay nh&agrave; cổ Tấn K&yacute; vẫn c&ograve;n nguy&ecirc;n vẹn, tất cả c&aacute;c đồ vật trong nh&agrave; đều c&oacute; tuổi đời hơn h&agrave;ng trăm năm, c&oacute; thể n&oacute;i mỗi thứ trong nh&agrave; cổ Tấn K&yacute; từ b&agrave;n ghế, ấm tr&agrave;, bức ho&agrave;nh phi, đ&ocirc;i c&acirc;u đối, chiếc điếu b&aacute;t... đều l&agrave; đổ cổ c&oacute; gi&aacute; trị v&ocirc; c&ugrave;ng to lớn. C&oacute; thể n&oacute;i rằng kh&ocirc;ng c&oacute; bất kỳ ng&ocirc;i nh&agrave; cổ n&agrave;o ở Việt Nam c&oacute; được kiến tr&uacute;c độc đ&aacute;o giống như nh&agrave; cổ Tấn K&yacute;.</p>\r\n<p><img src=\"https://saodieu.vn/media/Anh%20Bai%20Viet%20-%20Dong%20Dau/2015.09.16WT15-3.jpg\" alt=\"\" width=\"900\" height=\"539\" /></p>\r\n<p><em>Nh&agrave; cổ Tấn K&yacute; l&agrave; ng&ocirc;i nh&agrave; c&oacute; một kh&ocirc;ng hai ở Việt Nam v&agrave; đang lưu giữ h&agrave;ng trăm cổ vật</em></p>\r\n<p><strong>Ch&egrave;o thuyền tr&ecirc;n d&ograve;ng s&ocirc;ng Ho&agrave;i &ecirc;m đềm v&agrave; thơ mộng</strong></p>\r\n<p>S&ocirc;ng Ho&agrave;i l&agrave; một d&ograve;ng s&ocirc;ng nhỏ, chảy &ecirc;m đềm trong l&ograve;ng phố Hội, l&agrave; nơi ng&agrave;y ng&agrave;y c&oacute; những con thuyền nhỏ ngược xu&ocirc;i đi lại, l&agrave; nơi diễn ra những đ&ecirc;m hội hoa đăng rực rỡ sắc m&agrave;u.</p>\r\n<p>Du kh&aacute;ch đến Hội An, ai cũng muốn một lần được ngồi thuyền dạo chơi tr&ecirc;n s&ocirc;ng Ho&agrave;i, để ngắm nh&igrave;n phố cổ từ một g&oacute;c nh&igrave;n kh&aacute;c. Những người chở thuyền vui t&iacute;nh v&agrave; th&acirc;n thiện, họ sẵn s&agrave;ng chở du kh&aacute;ch bất cứ l&uacute;c n&agrave;o kể cả khi s&aacute;ng sớm hay khi m&agrave;n đ&ecirc;m đ&atilde; bu&ocirc;ng xuống. Vừa ngắm s&ocirc;ng, tận hưởng m&acirc;y trời, s&ocirc;ng nước, ngắm phổ cổ b&igrave;nh y&ecirc;n giữa tiếng khua của m&aacute;i ch&egrave;o, bạn sẽ vừa được nghe những người d&acirc;n ở Hội An kể những c&acirc;u chuyện th&uacute; vị về mảnh đất v&agrave; con người nơi đ&acirc;y.</p>\r\n<p><img src=\"https://saodieu.vn/media/Anh%20Bai%20Viet%20-%20Dong%20Dau/2015.09.16WT15-4.jpg\" alt=\"\" width=\"900\" height=\"539\" /></p>\r\n<p><em>D&ograve;ng s&ocirc;ng Ho&agrave;i b&igrave;nh y&ecirc;n chảy trong l&ograve;ng phố Hội</em></p>\r\n<p>S&ocirc;ng Ho&agrave;i đặc biệt đẹp v&agrave;o những đ&ecirc;m thả hoa đăng. Một d&ograve;ng s&ocirc;ng &aacute;nh s&aacute;ng lấp l&aacute;nh với những b&ocirc;ng hoa rực rỡ sắc m&agrave;u, vẻ đẹp lung linh v&agrave; huyền ảo như một thế giới chỉ c&oacute; trong những c&acirc;u chuyện cổ t&iacute;ch. Bạn c&oacute; thể mua một b&ocirc;ng hoa đăng, thả l&ecirc;n mặt nước để h&ograve;a c&ugrave;ng d&ograve;ng &aacute;nh s&aacute;ng ấy, v&agrave; mang một ước nguyện nho nhỏ của ri&ecirc;ng m&igrave;nh.</p>\r\n<p><strong>Thưởng thức những m&oacute;n ăn độc đ&aacute;o của Hội An</strong></p>\r\n<p>Đến Hội An, bạn kh&ocirc;ng thể bỏ qua những m&oacute;n ăn v&ocirc; c&ugrave;ng độc đ&aacute;o, m&agrave; bạn chỉ c&oacute; thể thưởng thức khi đến phố Hội b&igrave;nh y&ecirc;n n&agrave;y.</p>\r\n<p>M&oacute;n Cao Lầu, một m&oacute;n ăn xuất hiện từ kh&aacute; l&acirc;u, trở th&agrave;nh một m&oacute;n ăn ti&ecirc;u biểu l&agrave;m n&ecirc;n n&eacute;t đẹp của ẩm thực phố Hội. Được chế biến kh&aacute; c&ocirc;ng phu, trải qua nhiều c&ocirc;ng đoạn cầu kỳ mới đến được tay của thực kh&aacute;ch. Sợi cao lầu v&agrave;ng ươm, được trộn c&ugrave;ng t&ocirc;m, thịt heo, ch&uacute;t nước d&ugrave;ng, đậu phộng v&agrave; nhiều loại rau sống tạo n&ecirc;n một hương vị thơm ngon đậm đ&agrave; rất kh&oacute; qu&ecirc;n.</p>\r\n<p><img src=\"https://saodieu.vn/media/Anh%20Bai%20Viet%20-%20Dong%20Dau/2015.09.16WT15-5.jpg\" alt=\"\" width=\"900\" height=\"539\" /></p>\r\n<p><em>Cao lầu l&agrave; m&oacute;n ăn đặc trưng nhất cho ẩm thực Hội An</em></p>\r\n<p>Cơm g&agrave; phố Hội mang một n&eacute;t rất ri&ecirc;ng m&agrave; kh&ocirc;ng m&oacute;n cơm g&agrave; n&agrave;o c&oacute; được. Cơm g&agrave; được người Hội An chế biến tỉ mỉ v&agrave; kh&eacute;o l&eacute;o, nh&igrave;n đĩa cơm g&agrave; thực kh&aacute;ch như nh&igrave;n thấy một bức tranh m&agrave;u sắc với đủ m&agrave;u v&agrave;ng của thịt g&agrave;, đỏ của ớt, xanh của rau, th&ecirc;m v&agrave;o đ&oacute; l&agrave; h&agrave;nh t&acirc;y, rau thơm Tr&agrave; Quế, c&ugrave;ng một ch&eacute;n s&uacute;p nho nhỏ ấm n&oacute;ng khiến cho hương vị m&oacute;n ăn c&agrave;ng th&ecirc;m hấp dẫn. C&oacute; lẽ bởi Hội An qu&aacute; đẹp, n&ecirc;n thưởng thức bất cứ m&oacute;n g&igrave;, nhất lại l&agrave; cơm g&agrave; phố Hội đều c&oacute; cảm gi&aacute;c cực kỳ kh&oacute; tả, để ai đ&atilde; nếm thử một lần đều lưu luyến m&atilde;i kh&ocirc;ng th&ocirc;i.</p>\r\n<p><img src=\"https://saodieu.vn/media/Anh%20Bai%20Viet%20-%20Dong%20Dau/2015.09.16WT15-6.jpg\" alt=\"\" width=\"900\" height=\"539\" /></p>\r\n<p><em>Hương vị thơm ngon của cơm g&agrave; phố Hội đ&atilde; l&agrave;m say l&ograve;ng bao du kh&aacute;ch mỗi lần đến với Hội An</em></p>\r\n<p><strong>C&ugrave;ng S&aacute;o Diều đến phố cổ Hội An</strong></p>\r\n<p>Bạn c&oacute; thể dễ d&agrave;ng t&igrave;m được h&atilde;ng xe, chuyến xe đến th&agrave;nh phố Đ&agrave; Nẵng hoặc đến thẳng Hội An.&nbsp;Tại S&aacute;oDiều.vn&nbsp;bạn sẽ được cung cấp đầy đủ c&aacute;c th&ocirc;ng tin về lịch tr&igrave;nh, thời gian, gi&aacute; v&eacute;, h&igrave;nh ảnh nội ngoại thất của xe c&ugrave;ng những &yacute; kiến của ch&iacute;nh những h&agrave;nh kh&aacute;ch đ&atilde; từng đi xe để bạn dễ d&agrave;ng lựa chọn. H&atilde;y chọn S&aacute;o Diều c&ugrave;ng bạn bắt đầu h&agrave;nh tr&igrave;nh đến với một phố Hội b&igrave;nh y&ecirc;n.</p>', '9a41b3c7-4658-4829-98fc-53859b5b17e1.png', '9a41b3c7-4658-4829-98fc-53859b5b17e1.png', 0, 'Hội An, nơi có phố cổ đã được UNESSCO công nhận là di sản văn hóa thế giới, nơi từng là một đô thị phồn vinh bậc nhất ở Đông Nam Á, một thành phố được nhiều lần vinh danh thuộc những thành phố lãng mạn nhất thế giới. Hội An hấp dẫn du khách trong và ngoài nước bởi sự nên thơ, nét dịu dàng, khung cảnh bình yên, phong cách sống chậm rãi và cả sự hồn hậu của những con người xứ Quảng. Hãy cùng Sáo Diều chuẩn bị thật tốt phương tiện trước chuyến đi của bạn tới Hội An nhé!', 3, 4, 4, 0, '2021-03-13 22:49:10', 47, 15),
(7, 'Trải nghiệm Phong Nha-Kẻ Bàng: Đôi dòng cảm nhận', '<p>Với niềm tin ấy, Howard Limbert đ&atilde; trở th&agrave;nh &ldquo;người Quảng B&igrave;nh&rdquo; bởi những nỗ lực kh&ocirc;ng ngừng nghỉ của &ocirc;ng tr&ecirc;n h&agrave;nh tr&igrave;nh kh&aacute;m ph&aacute; Phong Nha-Kẻ B&agrave;ng với những &ldquo;kiệt t&aacute;c&rdquo; thi&ecirc;n nhi&ecirc;n như động Thi&ecirc;n Đường, động Phong Nha-Ti&ecirc;n Sơn, hang Tối, hang &Eacute;n, hang Khe Ry, hang Va... v&agrave; đặc biệt l&agrave; hang Sơn Đo&ograve;ng, hang động lớn nhất thế giới...</p>\r\n<p>Anh Nguyễn Th&agrave;nh Nam, du kh&aacute;ch đến từ th&agrave;nh phố Nha Trang kể cho ch&uacute;ng t&ocirc;i nghe về chuyến tham quan động Phong Nha-Ti&ecirc;n Sơn bằng t&acirc;m trạng phấn chấn: Chạm bến thuyền Phong Nha, đo&agrave;n được bố tr&iacute; tr&ecirc;n những chiếc thuyền m&aacute;y xu&ocirc;i theo d&ograve;ng s&ocirc;ng Son nước xanh v&agrave; trong đến nỗi nh&igrave;n thấy cả những đ&agrave;n c&aacute; đang bơi. Cảm gi&aacute;c đi thuyền thật tuyệt, kh&ocirc;ng kh&iacute; m&aacute;t mẻ, cảnh quan thi&ecirc;n nhi&ecirc;n hai b&ecirc;n bờ s&ocirc;ng như một bức tranh thủy mặc v&agrave; ấn tượng nhất l&agrave; khi thuyền đến gần cửa động, chủ thuyền tắt m&aacute;y v&agrave; bắt đầu bu&ocirc;ng từng nhịp ch&egrave;o để đưa ch&uacute;ng t&ocirc;i v&agrave;o trong hang động.</p>\r\n<p>T&ocirc;i ngạc nhi&ecirc;n như lạc v&agrave;o chốn m&ecirc; cung, kh&iacute; hậu kh&aacute;c hẳn b&ecirc;n ngo&agrave;i, cảm gi&aacute;c l&agrave;nh lạnh len v&agrave;o da thịt v&agrave; rồi cả t&ograve;a thi&ecirc;n nhi&ecirc;n tr&aacute;ng lệ đẹp đến ngỡ ng&agrave;ng lộ ra trước mắt. Đo&agrave;n ch&uacute;ng t&ocirc;i ai nấy chỉ c&oacute; thể thốt l&ecirc;n &ldquo;tuyệt vời, đẹp qu&aacute;, kỳ lạ qu&aacute;...&rdquo;.</p>\r\n<table class=\"image center\" width=\"665\" align=\"center\">\r\n<tbody>\r\n<tr>\r\n<td><img src=\"https://baoquangbinh.vn/dataimages/201508/original/images583699_anh25.jpg\" alt=\"Du kh&aacute;ch tận hưởng bầu kh&ocirc;ng kh&iacute; trong l&agrave;nh ở Khu du lịch suối Nước Moọc.\" /></td>\r\n</tr>\r\n<tr>\r\n<td class=\"image_desc\">Du kh&aacute;ch tận hưởng bầu kh&ocirc;ng kh&iacute; trong l&agrave;nh ở Khu du lịch suối Nước Moọc.</td>\r\n</tr>\r\n</tbody>\r\n</table>\r\n<p>Anh Trần Xu&acirc;n Đ&ocirc;ng, du kh&aacute;ch đến từ th&agrave;nh phố Hồ Ch&iacute; Minh cho hay: Anh đến Quảng B&igrave;nh lần thứ ba v&agrave; lần n&agrave;o cũng thấy th&uacute; vị. Theo anh th&igrave; việc Quảng B&igrave;nh mở th&ecirc;m nhiều điểm du lịch mới trong quần thể di sản Vườn quốc gia Phong Nha-Kẻ B&agrave;ng đ&atilde; tạo ra sự phong ph&uacute; cho kh&aacute;ch du lịch khi lựa chọn c&aacute;c điểm tham quan. Với anh, mỗi chuyến đi l&agrave; một trải nghiệm v&agrave; kh&aacute;c với những điểm du lịch kh&aacute;c trong nước, đến với miền di sản Phong Nha-Kẻ B&agrave;ng mọi lo toan, bộn bề của cuộc sống như được rũ bỏ ho&agrave;n to&agrave;n, con người trở n&ecirc;n nhỏ b&eacute;, ngỡ ng&agrave;ng trước thi&ecirc;n nhi&ecirc;n, thả m&igrave;nh trong thi&ecirc;n nhi&ecirc;n kỳ th&uacute; để tận hưởng sự thư th&aacute;i hiếm c&oacute;...</p>\r\n<p>Một anh bạn đến từ B&aacute;o Th&aacute;i Nguy&ecirc;n t&acirc;m sự với ch&uacute;ng t&ocirc;i rằng: Đ&atilde; đi nhiều nơi song kh&aacute;m ph&aacute; hang động của Quảng B&igrave;nh l&agrave; ấn tượng nhất, đẹp v&ocirc; c&ugrave;ng, kh&ocirc;ng g&igrave; c&oacute; thể so s&aacute;nh được...</p>\r\n<p>Gia đ&igrave;nh chị Trần Thị Ho&agrave;nh ở Đ&agrave; Nẵng b&agrave;y tỏ sự h&agrave;i l&ograve;ng khi chọn Quảng B&igrave;nh l&agrave;m điểm đến trong những ng&agrave;y h&egrave; oi bức. Sau khi viếng mộ Đại tướng, hang T&aacute;m TNXP... gia đ&igrave;nh chị chọn động Thi&ecirc;n Đường v&agrave; suối Nước Moọc l&agrave;m điểm tham quan nghỉ dưỡng.</p>\r\n<p>Chị Ho&agrave;nh cho hay: Ch&uacute;ng t&ocirc;i như lạc v&agrave;o một thế giới kh&aacute;c khi kh&aacute;m ph&aacute; động Thi&ecirc;n Đường trong hang n&uacute;i. Đ&oacute; l&agrave; một kỳ quan đầy tr&aacute;ng lệ, cho&aacute;ng ngợp như lạc v&agrave;o một thi&ecirc;n cung v&agrave; ch&uacute;ng t&ocirc;i nhận ra rằng t&ecirc;n gọi Thi&ecirc;n Đường với nơi n&agrave;y l&agrave; rất xứng đ&aacute;ng. Ở suối Nước Moọc ngo&agrave;i việc được tắm m&igrave;nh trong l&agrave;n nước m&aacute;t lạnh, ch&uacute;ng t&ocirc;i thực sự th&iacute;ch th&uacute; bởi ẩm thực nơi đ&acirc;y. Từ c&aacute;ch phục vụ, b&agrave;i tr&iacute; m&oacute;n ăn đến việc chế biến c&aacute;c m&oacute;n ăn đều rất ri&ecirc;ng, đơn sơ nhưng c&oacute; sức hấp dẫn v&agrave; điều quan trọng l&agrave; c&aacute;c m&oacute;n ăn rất ngon, mang hương vị v&ugrave;ng qu&ecirc; miền sơn cước\".</p>\r\n<p>Đối với chị L&ecirc; Như &Yacute; (Sở Nội vụ Quảng B&igrave;nh) th&igrave; tuyến du lịch kh&aacute;m ph&aacute; s&ocirc;ng Ch&agrave;y- hang Tối l&agrave; một cuộc chinh phục bản th&acirc;n đầy th&uacute; vị. Được đu m&igrave;nh tr&ecirc;n kh&ocirc;ng ngắm nh&igrave;n thi&ecirc;n nhi&ecirc;n h&ugrave;ng vĩ rồi trầm m&igrave;nh trong l&agrave;n nước m&aacute;t, tắm b&ugrave;n... thực sự đem lại cho mọi người nhiều cảm x&uacute;c, từ hồi hộp, lo lắng đến cho&aacute;ng ngợp, ngỡ ng&agrave;ng rồi b&igrave;nh y&ecirc;n thư th&aacute;i.</p>\r\n<p>N&oacute;i về du lịch Quảng B&igrave;nh, &ocirc;ng&nbsp; Brian Harrison một du kh&aacute;ch đến từ nước Anh b&agrave;y tỏ: T&ocirc;i thực sự ngỡ ng&agrave;ng trước vẻ đẹp của Phong Nha-Kẻ B&agrave;ng-nơi chứa đựng tổng thể c&aacute;c gi&aacute; trị nổi bật để l&agrave;m n&ecirc;n một khu vực l&yacute; tưởng cho du lịch sinh th&aacute;i. Từ hệ thống sinh th&aacute;i Karst với những gi&aacute; trị về địa chất, địa mạo đến những t&agrave;i nguy&ecirc;n đa dạng sinh học như hệ thống n&uacute;i đất, thảm thực vật, động vật hoang gi&atilde; c&ugrave;ng cảnh quan thi&ecirc;n nhi&ecirc;n ở đ&acirc;y đều rất tuyệt vời. Ch&uacute;ng t&ocirc;i sẽ giới thiệu với bạn b&egrave; về mảnh đất c&oacute; sức h&uacute;t đặc biệt n&agrave;y.&nbsp;</p>\r\n<p>Đến từ Australia, &ocirc;ng G. Piter nhận x&eacute;t: &ldquo;C&aacute;c bạn đ&atilde; kết hợp tốt khai th&aacute;c du lịch với bảo tồn đa dạng sinh học v&agrave; bảo vệ những gi&aacute; trị đặc biệt của di sản Phong Nha-Kẻ B&agrave;ng. Nhưng người ta thường n&oacute;i: &ldquo;L&agrave;m du lịch kh&ocirc;ng ngồi chờ kh&aacute;ch đến!&rdquo;, c&aacute;c bạn cần t&igrave;m hiểu th&ecirc;m kinh nghiệm x&acirc;y dựng v&agrave; quảng b&aacute; thương hiệu, kinh nghiệm thu h&uacute;t du kh&aacute;ch... C&aacute;c bạn đ&atilde; c&oacute; một số sản phẩm du lịch đặc trưng như du lịch tới hang T&aacute;m TNXP, du lịch sinh th&aacute;i, hang động, hang Sơn Đo&ograve;ng, hay tuyến du lịch kh&aacute;m ph&aacute; s&acirc;u v&agrave;o động Thi&ecirc;n Đường d&agrave;nh cho những du kh&aacute;ch ưa th&iacute;ch &ldquo;phi&ecirc;u lưu&rdquo;. C&oacute; thể đ&oacute; l&agrave; những thuận lợi!&rdquo;...</p>\r\n<table class=\"image center\" width=\"665\" align=\"center\">\r\n<tbody>\r\n<tr>\r\n<td><img src=\"https://baoquangbinh.vn/dataimages/201508/original/images583698_anh28.jpg\" alt=\" Rừng sưa (hu&ecirc;) hơn 8ha của người A Rem trồng. Sưa rất qu&yacute; hiếm nhưng tự nhi&ecirc;n đ&atilde; tuyệt chủng. Người A Rem g&acirc;y giống sưa n&uacute;i đ&aacute; ở nơi b&iacute; mật cũng cuốn h&uacute;t người ngo&agrave;i.\" /></td>\r\n</tr>\r\n<tr>\r\n<td class=\"image_desc\">Rừng sưa (hu&ecirc;) hơn 8ha của người A Rem trồng. Sưa rất qu&yacute; hiếm nhưng tự nhi&ecirc;n đ&atilde; tuyệt chủng. Người A Rem g&acirc;y giống sưa n&uacute;i đ&aacute; ở nơi b&iacute; mật cũng cuốn h&uacute;t người ngo&agrave;i.</td>\r\n</tr>\r\n</tbody>\r\n</table>\r\n<p>Đến với miền di sản dẫu chỉ một lần cũng để lại nhiều ấn tượng kh&oacute; qu&ecirc;n trong l&ograve;ng du kh&aacute;ch để khi xa ai ai cũng nhớ v&agrave; hẹn ng&agrave;y gặp lại. Những du kh&aacute;ch ch&uacute;ng t&ocirc;i c&oacute; dịp gặp gỡ đều b&agrave;y tỏ sự h&agrave;i l&ograve;ng với những tour du lịch của tỉnh song cũng kh&ocirc;ng &iacute;t người b&agrave;y tỏ mong muốn rằng Quảng B&igrave;nh sẽ c&oacute; sự đầu tư nhiều hơn nữa đối với việc ph&aacute;t triển du lịch, nhất l&agrave; du lịch kh&aacute;m ph&aacute; thi&ecirc;n nhi&ecirc;n hang động ở miền di sản.</p>\r\n<p>Kh&ocirc;ng &iacute;t du kh&aacute;ch, nhất l&agrave; người nước ngo&agrave;i cho rằng, Quảng B&igrave;nh c&ograve;n thiếu những cơ sở lưu tr&uacute; đạt chất lượng cao với những khu vui chơi, giải tr&iacute; c&oacute; quy m&ocirc;, thiếu những mặt h&agrave;ng lưu niệm đặc trưng, thiếu c&aacute;c bảng chỉ dẫn bằng tiếng Anh cho kh&aacute;ch du lịch, thiếu hướng dẫn vi&ecirc;n c&oacute; tr&igrave;nh độ tiếng Anh đạt chuẩn quốc tế...</p>\r\n<p>Phong Nha-Kẻ B&agrave;ng được UNESCO vinh danh v&agrave;o danh s&aacute;ch Di sản thế giới lần thứ 2 một lần nữa khẳng định những gi&aacute; trị v&ocirc; gi&aacute; của&nbsp; miền di sản, l&agrave; niềm tự h&agrave;o kh&ocirc;ng chỉ của Quảng B&igrave;nh m&agrave; c&ograve;n của Việt Nam.</p>\r\n<p>V&igrave; vậy, những lời ngợi khen v&agrave; cả những ph&acirc;n v&acirc;n, g&oacute;p &yacute; của du kh&aacute;ch đều rất cần thiết để Quảng B&igrave;nh ho&agrave;n thiện hơn trong việc định hướng x&acirc;y dựng v&agrave; ph&aacute;t triển du lịch, một trong những thế mạnh lớn nhất của tỉnh nhằm th&uacute;c đẩy kinh tế ph&aacute;t triển v&agrave; g&oacute;p phần quảng b&aacute; h&igrave;nh ảnh Quảng B&igrave;nh đến với bạn b&egrave; trong nước v&agrave; quốc tế.</p>', 'b90c89cb-f896-4dd6-90ae-12f4ce90e8ef.png', 'b90c89cb-f896-4dd6-90ae-12f4ce90e8ef.png', 0, '(QBĐT) - Không phải ngẫu nhiên mà ông Howard Limbert chuyên gia hang động đến từ Hiệp hội thám hiểm hang động Hoàng gia Anh lại chọn Quảng Bình để gắn bó. Mảnh đất này đã níu chân ông bởi sau mỗi chuyến đi, ông lại có thêm nhiều điều mới lạ để khám phá, nghiên cứu để rồi Quảng Bình được vinh danh là “Vương quốc hang động”. “Phong Nha-Kẻ Bàng với vẻ đẹp tiềm ẩn đã níu giữ chân tôi và tôi tin rằng còn có nhiều hang động tuyệt mỹ đang ẩn mình đâu đó chưa được đánh thức...”.', 3, 4, 4, 0, '2021-03-13 22:49:13', 46, 16),
(8, 'Phong Nha - Kẻ Bàng: Vẻ đẹp hoang sơ quyến rũ giữ chân du khách', '<p dir=\"ltr\">Phong Nha - Kẻ B&agrave;ng l&agrave; địa danh quen thuộc được biết đến với nhiều điểm du lịch ti&ecirc;u biểu, thu h&uacute;t du kh&aacute;ch như: Động Phong Nha (động nước), động Ti&ecirc;n Sơn (động kh&ocirc;), động Thi&ecirc;n Đường, s&ocirc;ng Ch&agrave;y - hang Tối, suối R&agrave;o Thương - hang &Eacute;n, khu du lịch sinh th&aacute;i suối nước Moọc, thung lũng Sinh Tồn - hang Thủy Cung.</p>\r\n<p dir=\"ltr\">&nbsp;</p>\r\n<p dir=\"ltr\">Trong c&aacute;c hang động th&igrave; Phong Nha thật sự nổi bật nhất với chiều d&agrave;i gần 8 km, chủ yếu với s&ocirc;ng ngầm được xếp v&agrave;o danh s&aacute;ch hang động c&oacute; s&ocirc;ng ngầm d&agrave;i nhất thế giới.</p>\r\n<p dir=\"ltr\"><img src=\"https://nhandan.com.vn/imgold/images/2017/chitrung/09/IMG_7073.jpg\" width=\"600\" height=\"450\" align=\"middle\" /></p>\r\n<p dir=\"ltr\">&nbsp;</p>\r\n<p dir=\"ltr\"><em>D&atilde;y n&uacute;i b&ecirc;n s&ocirc;ng Son.</em></p>\r\n<p dir=\"ltr\">Du kh&aacute;ch xuống thuyền m&aacute;y đi theo s&ocirc;ng Son v&agrave;o động Phong Nha. S&ocirc;ng Son rộng chừng 35-40m, nước xanh ngắt, trong thấu đ&aacute;y, nh&igrave;n r&otilde; cả những đ&agrave;n c&aacute; đang bơi v&agrave; mất khoảng 30 ph&uacute;t th&igrave; tới động.</p>\r\n<p dir=\"ltr\">Phong Nha - Kẻ B&agrave;ng n&iacute;u ch&acirc;n du kh&aacute;ch một phần cũng v&igrave; người d&acirc;n Quảng B&igrave;nh hiền l&agrave;nh, tốt bụng. Những người l&aacute;i thuyền v&ocirc; c&ugrave;ng nhiệt t&igrave;nh v&agrave; niềm nở khi được ph&acirc;n c&ocirc;ng đưa kh&aacute;ch đi tham quan d&ugrave; họ c&oacute; đang dở bữa cơm hay mệt mỏi, n&oacute;ng bức v&igrave; phải phơi nắng cả ng&agrave;y. Họ n&oacute;i rằng, du kh&aacute;ch tham quan m&agrave; được những giọt nước đ&aacute; v&ocirc;i trong động nhỏ l&ecirc;n người th&igrave; ắt sẽ gặp may mắn, điều n&agrave;y kh&ocirc;ng chỉ mang hơi hướng t&acirc;m linh m&agrave; c&ograve;n tạo ra sự hứng th&uacute;, bất ngờ.</p>\r\n<p dir=\"ltr\">Đến Phong Nha sẽ kh&ocirc;ng c&ograve;n phải chịu c&aacute;i nắng ch&oacute;i chang của Quảng B&igrave;nh m&agrave; thay v&agrave;o đ&oacute; l&agrave; kh&ocirc;ng kh&iacute; trong l&agrave;nh v&agrave; m&aacute;t mẻ khiến du kh&aacute;ch cảm thấy thư th&aacute;i, l&yacute; th&uacute;. Xu&ocirc;i thuyền hơn 600m trong động l&agrave; vẻ đẹp thi&ecirc;n nhi&ecirc;n kỳ vĩ đến cho&aacute;ng ngợp với thạch nhũ đ&aacute; v&ocirc;i nhiều m&agrave;u sắc với tạo h&igrave;nh lạ mắt. Ngo&agrave;i ra, du kh&aacute;ch c&oacute; thể lựa chọn kiểu du lịch mạo hiểm khi muốn kh&aacute;m ph&aacute; tất cả c&aacute;c ng&oacute;c ng&aacute;ch của động để mở rộng tầm mắt cũng như l&agrave; thử sức với sự dũng cảm của bản th&acirc;n.</p>\r\n<p dir=\"ltr\"><img src=\"https://nhandan.com.vn/imgold/images/2017/chitrung/09/IMG_7046.jpg\" width=\"600\" align=\"middle\" /></p>\r\n<p dir=\"ltr\">&nbsp;</p>\r\n<p dir=\"ltr\"><em>Đ&aacute; v&ocirc;i trong hang động.</em></p>\r\n<p dir=\"ltr\">&nbsp;</p>\r\n<p dir=\"ltr\">Sau khi thăm động nước Phong Nha, du kh&aacute;ch thường đi thăm động kh&ocirc; l&agrave; động Ti&ecirc;n Sơn. Phong Nha - Ti&ecirc;n Sơn l&agrave; một cặp song sinh của tạo h&oacute;a. Phong Nha - Ti&ecirc;n Sơn l&agrave; một chỉnh thể thống nhất.</p>\r\n<p dir=\"ltr\">Tọa lạc ở độ cao khoảng 200m tr&ecirc;n trần động Phong Nha, động Ti&ecirc;n Sơn c&oacute; chiều d&agrave;i l&agrave; 980m v&agrave; kh&ocirc;ng ăn chung với động Phong Nha. Nếu Phong Nha đẹp tựa chốn Thủy cung, nơi c&oacute; vua Thủy Tề, c&oacute; n&agrave;ng Ti&ecirc;n c&aacute; th&igrave; Ti&ecirc;n Sơn l&agrave; b&oacute;ng d&aacute;ng nơi ngự trị của Ngọc Ho&agrave;ng v&agrave; của c&aacute;c bậc Ti&ecirc;n đế.</p>\r\n<p dir=\"ltr\">Men theo v&aacute;ch n&uacute;i quanh co uốn lượn l&agrave; đường l&ecirc;n động Ti&ecirc;n Sơn, giữa lưng chừng n&uacute;i c&oacute; thể nh&igrave;n thấy những l&agrave;ng qu&ecirc; y&ecirc;n ả, những c&aacute;nh đồng nho nhỏ, những đ&agrave;n b&ograve; đang tắm s&ocirc;ng mang lại một cảm gi&aacute;c thật thanh b&igrave;nh.</p>\r\n<p dir=\"ltr\">Để chinh phục động Ti&ecirc;n Sơn với vẻ đẹp hoang sơ kỳ b&iacute;, du kh&aacute;ch phải leo hơn 500 bậc thang, mỗi bậc lại c&oacute; chiều cao đ&aacute;ng kể, t&iacute;nh ra cả leo l&ecirc;n v&agrave; leo xuống đ&atilde; hơn 1000 bậc. V&igrave; thế, động Ti&ecirc;n Sơn thực sự l&agrave; chỉ l&agrave; &ldquo;phần thưởng&rdquo; cho những ai đủ sức khỏe, sự dẻo dai can trường chấp nhận thử th&aacute;ch. Thực tế, c&oacute; du kh&aacute;ch mặc d&ugrave; đ&atilde; mua v&eacute; nhưng cuối c&ugrave;ng vẫn đ&agrave;nh bỏ lỡ.</p>\r\n<p dir=\"ltr\">&nbsp;</p>\r\n<p dir=\"ltr\">Hang động Thi&ecirc;n Đường được mệnh danh l&agrave; &ldquo;ho&agrave;ng cung trong l&ograve;ng đất&rdquo; nằm trong l&ograve;ng một quần thể n&uacute;i đ&aacute; v&ocirc;i ở độ cao 191m, bao quanh l&agrave; khu rừng nguy&ecirc;n sinh thuộc Vườn Quốc gia Phong Nha - Kẻ B&agrave;ng cũng l&agrave; một điểm đến hấp dẫn. Những v&ograve;m thạch nhũ tr&aacute;ng lệ v&agrave; huyền ảo khiến du kh&aacute;ch thường li&ecirc;n tưởng về một thi&ecirc;n cung nơi trần thế. Trong động l&agrave; v&ocirc; v&agrave;n thạch nhũ với nhiều h&igrave;nh th&ugrave; kh&aacute;c nhau v&agrave; được những người khai ph&aacute; đặt t&ecirc;n như: Th&aacute;c Thi&ecirc;n H&agrave;, Cung Giao Tr&igrave;&hellip;</p>\r\n<p dir=\"ltr\">&nbsp;</p>\r\n<p dir=\"ltr\">Bước v&agrave;o động như l&agrave; bước v&agrave;o một thế giới kh&aacute;c, kh&ocirc;ng chỉ bởi kh&ocirc;ng kh&iacute; m&aacute;t mẻ, dễ chịu m&agrave; c&ograve;n bởi cảnh quan nơi đ&acirc;y khiến du kh&aacute;ch phải trầm trồ, th&aacute;n phục trước vẻ đẹp thi&ecirc;n tạo m&agrave; kh&ocirc;ng phải ở đ&acirc;u cũng c&oacute;.</p>\r\n<p dir=\"ltr\"><img src=\"https://nhandan.com.vn/imgold/images/2017/chitrung/09/IMG_7085.jpg\" width=\"600\" height=\"800\" align=\"middle\" /></p>\r\n<p dir=\"ltr\">&nbsp;</p>\r\n<p dir=\"ltr\"><em>Th&aacute;c Thi&ecirc;n H&agrave;.</em></p>\r\n<p dir=\"ltr\">&nbsp;</p>\r\n<p dir=\"ltr\">Đến với Quảng B&igrave;nh, du kh&aacute;ch c&oacute; nhiều sự lựa chọn về những địa điểm tham quan cho chuyến đi, được tận mắt chứng kiến vẻ đẹp tự nhi&ecirc;n của c&aacute;c hang động, được trải nghiệm c&aacute;c cung bậc cảm x&uacute;c trước sự h&ugrave;ng vĩ của thi&ecirc;n nhi&ecirc;n v&agrave; nếu ai đ&atilde; đi một lần th&igrave; chắc chắn sẽ c&ograve;n muốn đi th&ecirc;m nhiều lần nữa.</p>\r\n<p dir=\"ltr\">&nbsp;</p>\r\n<div>&nbsp;</div>\r\n<p>&nbsp;</p>', 'f9b8e5c7-b861-4601-851d-0a6cf485a675.png', 'f9b8e5c7-b861-4601-851d-0a6cf485a675.png', 0, ' Quảng Bình không chỉ được mệnh danh là vùng đất “lửa” trong thời kỳ kháng chiến chống Mỹ, khí hậu vô cùng khắc nghiệt mà còn được biết đến bởi những danh lam thắng cảnh “thiên tạo” và đặc biệt người dân rất thân thiện, mến khách. Du khách đến với Quảng Bình nói chung, Vườn Quốc gia Phong Nha - Kẻ Bàng nói riêng đều cảm thấy hài lòng và nơi đây luôn để lại ấn tượng tốt đẹp trong lòng mỗi người.', 3, 4, 3, 0, '2021-03-10 00:01:00', 46, 16);
INSERT INTO `article` (`IDArticle`, `Title`, `Content`, `Avatar`, `BigAvatar`, `IsPremium`, `Abstract`, `Writter`, `Status`, `Views`, `Ranks`, `TimePublish`, `IDCate`, `IDSubCategory`) VALUES
(9, 'ĐỊA ĐẠO CỦ CHI - VÙNG \" ĐẤT THÉP THÀNH ĐỒNG\"', '<div>&ETH;ịa đạo Củ Chi l&agrave; một di t&iacute;ch lịch sử c&aacute;ch mạng nổi tiếng, thuộc x&atilde; Ph&uacute; Mỹ Hưng, huyện Củ Chi, c&aacute;ch trung t&acirc;m Tp. Hồ Ch&iacute; Minh 70km về ph&iacute;a t&acirc;y bắc.Địa đạo Củ Chi&nbsp;l&agrave; một hệ thống ph&ograve;ng thủ trong l&ograve;ng đất ở huyện Củ Chi.Hệ thống n&agrave;y được&nbsp;<a title=\"Mặt trận D&acirc;n tộc Giải ph&oacute;ng miền Nam Việt Nam\" href=\"http://vi.wikipedia.org/wiki/M%E1%BA%B7t_tr%E1%BA%ADn_D%C3%A2n_t%E1%BB%99c_Gi%E1%BA%A3i_ph%C3%B3ng_mi%E1%BB%81n_Nam_Vi%E1%BB%87t_Nam\" rel=\"nofollow\">Mặt trận D&acirc;n tộc Giải ph&oacute;ng miền Nam Việt Nam</a>&nbsp;đ&agrave;o trong thời kỳ&nbsp;<a title=\"Chiến tranh Đ&ocirc;ng Dương\" href=\"http://vi.wikipedia.org/wiki/Chi%E1%BA%BFn_tranh_%C4%90%C3%B4ng_D%C6%B0%C6%A1ng\" rel=\"nofollow\">Chiến tranh Đ&ocirc;ng Dương</a>&nbsp;v&agrave;&nbsp;<a title=\"Chiến tranh Việt Nam\" href=\"http://vi.wikipedia.org/wiki/Chi%E1%BA%BFn_tranh_Vi%E1%BB%87t_Nam\" rel=\"nofollow\">Chiến tranh Việt Nam</a>. Hệ thống địa đạo bao gồm bệnh x&aacute;, nhiều ph&ograve;ng ở, nh&agrave; bếp, kho chứa, ph&ograve;ng l&agrave;m việc, hệ thống đường ngầm dưới l&ograve;ng đất. Hệ thống địa đạo d&agrave;i khoảng 200 km v&agrave; c&oacute; c&aacute;c hệ thống th&ocirc;ng hơi v&agrave;o c&aacute;c vị tr&iacute; c&aacute;c bụi c&acirc;y. Địa đạo Củ Chi được x&acirc;y dựng tr&ecirc;n v&ugrave;ng đất được mệnh danh l&agrave; \"đất th&eacute;p\", nằm ở điểm cuối&nbsp;<a title=\"Đường m&ograve;n Hồ Ch&iacute; Minh\" href=\"http://vi.wikipedia.org/wiki/%C4%90%C6%B0%E1%BB%9Dng_m%C3%B2n_H%E1%BB%93_Ch%C3%AD_Minh\" rel=\"nofollow\">Đường m&ograve;n Hồ Ch&iacute; Minh</a>. Trước đ&acirc;y, Củ Chi được xem l&agrave; một trong những điểm quan trọng của v&ugrave;ng &ldquo;tam gi&aacute;c sắt&rdquo;, l&agrave; nơi địch tập trung đ&aacute;nh ph&aacute; quyết liệt. Trong chiến tranh, nơi đ&acirc;y phải hứng chịu một khối lượng lớn bom, m&igrave;n.Trong&nbsp;<a title=\"Chiến dịch Tết Mậu Th&acirc;n\" href=\"http://vi.wikipedia.org/wiki/Chi%E1%BA%BFn_d%E1%BB%8Bch_T%E1%BA%BFt_M%E1%BA%ADu_Th%C3%A2n\" rel=\"nofollow\">Chiến dịch Tết Mậu Th&acirc;n</a>&nbsp;1968, Mặt trận D&acirc;n tộc Giải ph&oacute;ng miền Nam Việt Nam đ&atilde; sử dụng hệ thống địa đạo n&agrave;y để tấn c&ocirc;ng&nbsp;<a title=\"S&agrave;i G&ograve;n\" href=\"http://vi.wikipedia.org/wiki/S%C3%A0i_G%C3%B2n\" rel=\"nofollow\">S&agrave;i G&ograve;n</a>.</div>\r\n<div>&nbsp;</div>\r\n<div><span style=\"font-size: small;\">&ETH;ịa đạo quả l&agrave; kỳ quan độc nhất v&ocirc; nhị: d&agrave;i 250km chạy ngoắt ngo&eacute;o trong l&ograve;ng đất, được l&agrave;m n&ecirc;n từ dụng cụ th&ocirc; sơ l&agrave; lưỡi cuốc v&agrave; chiếc ki x&uacute;c đất<br /><span>&ETH;ường hầm s&acirc;u dưới đất từ 3 - 8m, chiều cao chỉ đủ cho một người đi lom khom.</span></span><span style=\"font-size: large;\"><span style=\"font-size: small;\"><span style=\"font-size: medium;\">Hệ thống địa đạo gồm 3 tầng, từ đường \"xương sống\" toả ra v&ocirc; số nh&aacute;nh d&agrave;i, nh&aacute;nh ngắn ăn th&ocirc;ng nhau, c&oacute; nh&aacute;nh trổ ra tận s&ocirc;ng S&agrave;i G&ograve;n.</span></span></span>\r\n<div><a href=\"https://sites.google.com/site/adaysaigon/blog/dhia-dhao-cu-chi---vung-dhat-thep-thanh-dhong/800PX-~1.JPG?attredirects=0\"><img src=\"https://sites.google.com/site/adaysaigon/_/rsrc/1472856750232/blog/dhia-dhao-cu-chi---vung-dhat-thep-thanh-dhong/800PX-~1.JPG?height=187&amp;width=400\" width=\"400\" height=\"187\" border=\"0\" /></a></div>\r\n<span style=\"font-size: large;\"><span style=\"font-size: small;\"><span style=\"font-size: medium;\"><br /><br /></span></span></span>\r\n<div>Tầng một c&aacute;ch mặt đất 3m, chống được đạn ph&aacute;o v&agrave; sức nặng của xe tăng, xe bọc th&eacute;p d&ugrave;ng để chiến đấu.</div>\r\n<span style=\"font-size: small;\"><span>Tầng 2 c&aacute;ch mặt đất 5m, c&oacute; thể chống được bom cỡ nhỏ, d&ugrave;ng l&agrave;m nơi nghĩ ngơi cho thương binh, người gi&agrave; v&agrave; trẻ em . C&ograve;n tầng cuối c&ugrave;ng c&aacute;ch mặt đất 8-10m hết sức an to&agrave;n. &ETH;ường l&ecirc;n xuống giữa c&aacute;c tầng hầm được bố tr&iacute; bằng c&aacute;c nắp hầm b&iacute; mật. B&ecirc;n tr&ecirc;n nguỵ trang k&iacute;n đ&aacute;o, nh&igrave;n như những ụ mối đ&ugrave;n, dọc đường hầm c&oacute; lỗ th&ocirc;ng hơi. Li&ecirc;n ho&agrave;n với địa đạo c&oacute; c&aacute;c hầm rộng để nghỉ ngơi, c&oacute; nơi dự trữ vũ kh&iacute;, lương thực, c&oacute; giếng nước, c&oacute; bếp Ho&agrave;ng Cầm, c&oacute; hầm chỉ huy, hầm giải phẫu... C&ograve;n c&oacute; cả hầm lớn, m&aacute;i lợp tho&aacute;ng m&aacute;t, nguỵ trang kh&eacute;o l&eacute;o để xem phim, văn nghệ.</span></span><br />\r\n<div><a href=\"https://sites.google.com/site/adaysaigon/blog/dhia-dhao-cu-chi---vung-dhat-thep-thanh-dhong/8.jpeg?attredirects=0\"><img src=\"https://sites.google.com/site/adaysaigon/_/rsrc/1472856745249/blog/dhia-dhao-cu-chi---vung-dhat-thep-thanh-dhong/8.jpeg?height=200&amp;width=145\" width=\"145\" height=\"200\" border=\"0\" /></a></div>\r\n<br />\r\n<div><strong>Cảnh đ&agrave;o hầm<br /></strong>\r\n<div><a href=\"https://sites.google.com/site/adaysaigon/blog/dhia-dhao-cu-chi---vung-dhat-thep-thanh-dhong/ASGAM-CC038.jpg?attredirects=0\"><img src=\"https://sites.google.com/site/adaysaigon/_/rsrc/1472856745990/blog/dhia-dhao-cu-chi---vung-dhat-thep-thanh-dhong/ASGAM-CC038.jpg?height=150&amp;width=200\" width=\"200\" height=\"150\" border=\"0\" /></a></div>\r\n<strong>Bếp Ho&agrave;ng Cầm<br /><br /></strong></div>\r\n<div align=\"left\"><span lang=\"VI\"><span style=\"font-family: arial,sans-serif;\">Hệ thống địa đạo nằm s&acirc;u dưới l&ograve;ng đất, c&oacute; thể chịu được sức c&ocirc;ng ph&aacute; của c&aacute;c loại bom tấn lớn nhất của qu&acirc;n đội Mỹ. Kh&ocirc;ng kh&iacute; được lấy v&agrave;o địa đạo th&ocirc;ng qua c&aacute;c lỗ th&ocirc;ng hơi. C&aacute;c khu vực kh&aacute;c nhau của địa đạo c&oacute; thể được c&ocirc; lập khi cần.</span></span></div>\r\n<div><span lang=\"VI\"><span style=\"font-family: arial,sans-serif;\">Cuộc sống dưới địa đạo thiếu &aacute;nh s&aacute;ng, ẩm ướt v&agrave; n&oacute;ng bức v&agrave; điều kiện vệ sinh k&eacute;m n&ecirc;n hầu như đa số những người sống ở địa đạo đều bị&nbsp;</span><span style=\"font-family: arial,sans-serif;\">k&yacute; sinh tr&ugrave;ng</span><span style=\"font-family: arial,sans-serif;\"><span>,</span>&nbsp;bạc da v&agrave; c&aacute;c bệnh về xương. Ngo&agrave;i ra, việc thiếu thốn lương thực, thực phẩm v&agrave; nhu yếu phẩm cũng l&agrave; vấn đề lớn nhất của cư d&acirc;n địa đạo.</span></span></div>\r\n<div>&nbsp;</div>\r\n<div><span lang=\"VI\">Ng&agrave;y nay, khi chiến tranh qua đi th&igrave; Địa đạo Củ Chi lại l&agrave; nơi du lịch thu h&uacute;t nhiều du kh&aacute;ch nhất l&agrave; c&aacute;c cựu chiến binh. C&aacute;c du kh&aacute;ch nước ngo&agrave;i khi đến Việt Nam cũng kh&ocirc;ng t&agrave;i bỏ qua khu di t&iacute;ch nổi tiếng n&agrave;y. Tới đ&acirc;y, họ c&oacute; thể tự m&igrave;nh trải nhiệm cuộc sống của người d&acirc;n ta thời k&igrave; chiến tranh khi chui xuống hầm. V&agrave; chỉ khi n&agrave;o tự trải nghiệm th&igrave; họ mới hiểu được v&igrave; sao&nbsp;<span style=\"font-family: arial,sans-serif;\">&nbsp;nước Việt Nam b&eacute; nhỏ lại chiến thắng kẻ th&ugrave; l&agrave; một nước lớn v&agrave; gi&agrave;u c&oacute; bậc nhất. V&igrave; sao Củ Chi, mảnh đất ngh&egrave;o kh&oacute; lại đương đầu r&ograve;ng r&atilde; suốt 21 năm với một đạo qu&acirc;n hơn gấp bội, thiện chiến, được trang bị vũ kh&iacute;, phương tiện chiến tranh hiện đại, tối t&acirc;n. Trong cuộc đọ sức n&agrave;y, nh&acirc;n d&acirc;n Củ Chi đ&atilde; chiến thắng oanh liệt</span></span></div>\r\n<div><a href=\"https://sites.google.com/site/adaysaigon/blog/dhia-dhao-cu-chi---vung-dhat-thep-thanh-dhong/a_o_C_Chi_1.bmp.jpeg?attredirects=0\"><img src=\"https://sites.google.com/site/adaysaigon/_/rsrc/1472856749692/blog/dhia-dhao-cu-chi---vung-dhat-thep-thanh-dhong/a_o_C_Chi_1.bmp.jpeg?height=162&amp;width=200\" width=\"200\" height=\"162\" border=\"0\" /></a><br />Lối v&agrave;o hầm<br />\r\n<div>\r\n<div><a href=\"https://sites.google.com/site/adaysaigon/blog/dhia-dhao-cu-chi---vung-dhat-thep-thanh-dhong/3.jpeg?attredirects=0\"><img src=\"https://sites.google.com/site/adaysaigon/_/rsrc/1472856746270/blog/dhia-dhao-cu-chi---vung-dhat-thep-thanh-dhong/3.jpeg\" border=\"0\" /></a><strong><a href=\"https://sites.google.com/site/adaysaigon/blog/dhia-dhao-cu-chi---vung-dhat-thep-thanh-dhong/B%C3%AAn%20trong%20%C4%91%C6%B0%E1%BB%9Dng%20h%E1%BA%A7m%20ch%E1%BB%89%20%C4%91i%20khom%20ho%E1%BA%B7c%20ph%E1%BA%A3i%20b%C3%B2..jpg?attredirects=0\"><img src=\"https://sites.google.com/site/adaysaigon/_/rsrc/1472856749770/blog/dhia-dhao-cu-chi---vung-dhat-thep-thanh-dhong/B%C3%AAn%20trong%20%C4%91%C6%B0%E1%BB%9Dng%20h%E1%BA%A7m%20ch%E1%BB%89%20%C4%91i%20khom%20ho%E1%BA%B7c%20ph%E1%BA%A3i%20b%C3%B2..jpg?height=155&amp;width=200\" width=\"200\" height=\"155\" border=\"0\" /></a></strong>\r\n<div><a href=\"https://sites.google.com/site/adaysaigon/blog/dhia-dhao-cu-chi---vung-dhat-thep-thanh-dhong/3.jpeg?attredirects=0\">&nbsp;</a></div>\r\n</div>\r\n</div>\r\nTrong Hầm<br />\r\n<div><a href=\"https://sites.google.com/site/adaysaigon/blog/dhia-dhao-cu-chi---vung-dhat-thep-thanh-dhong/Ph%C3%B2ng%20h%E1%BB%8Dp%20B%E1%BB%99%20ch%E1%BB%89%20huy..jpg?attredirects=0\"><img src=\"https://sites.google.com/site/adaysaigon/_/rsrc/1472856748191/blog/dhia-dhao-cu-chi---vung-dhat-thep-thanh-dhong/Ph%C3%B2ng%20h%E1%BB%8Dp%20B%E1%BB%99%20ch%E1%BB%89%20huy..jpg?height=248&amp;width=320\" width=\"320\" height=\"248\" border=\"0\" /></a></div>\r\nBộ chỉ huy qu&acirc;n sự<br />\r\n<div><a href=\"https://sites.google.com/site/adaysaigon/blog/dhia-dhao-cu-chi---vung-dhat-thep-thanh-dhong/M%E1%BB%99t%20%E1%BB%A5%20s%C3%BAng%20d%C3%B9ng%20%C4%91%E1%BB%83%20%C4%91%E1%BA%B7t%20v%C5%A9%20kh%C3%AD%20ch%C4%A9a%20l%C3%AAn%20ph%C3%ADa%20tr%C3%AAn%20m%E1%BA%B7t%20%C4%91%E1%BA%A5t.jpg?attredirects=0\"><img src=\"https://sites.google.com/site/adaysaigon/_/rsrc/1472856745425/blog/dhia-dhao-cu-chi---vung-dhat-thep-thanh-dhong/M%E1%BB%99t%20%E1%BB%A5%20s%C3%BAng%20d%C3%B9ng%20%C4%91%E1%BB%83%20%C4%91%E1%BA%B7t%20v%C5%A9%20kh%C3%AD%20ch%C4%A9a%20l%C3%AAn%20ph%C3%ADa%20tr%C3%AAn%20m%E1%BA%B7t%20%C4%91%E1%BA%A5t.jpg?height=248&amp;width=320\" width=\"320\" height=\"248\" border=\"0\" /></a></div>\r\nỤ s&uacute;ng d&ugrave;ng để đặ vũ kh&iacute; chĩa l&ecirc;n mặt đất<br />\r\n<div><a href=\"https://sites.google.com/site/adaysaigon/blog/dhia-dhao-cu-chi---vung-dhat-thep-thanh-dhong/ASGAM-CC072.jpg?attredirects=0\"><img src=\"https://sites.google.com/site/adaysaigon/_/rsrc/1472856748654/blog/dhia-dhao-cu-chi---vung-dhat-thep-thanh-dhong/ASGAM-CC072.jpg?height=238&amp;width=320\" width=\"320\" height=\"238\" border=\"0\" /></a></div>\r\nT&aacute;i hiện cảnh đ&agrave;o hầm<br />\r\n<div>\r\n<div><strong><a href=\"https://sites.google.com/site/adaysaigon/blog/dhia-dhao-cu-chi---vung-dhat-thep-thanh-dhong/ASGAM-CC051.jpg?attredirects=0\"><img src=\"https://sites.google.com/site/adaysaigon/_/rsrc/1472856748589/blog/dhia-dhao-cu-chi---vung-dhat-thep-thanh-dhong/ASGAM-CC051.jpg?height=240&amp;width=320\" width=\"320\" height=\"240\" border=\"0\" /></a></strong><strong><a href=\"https://sites.google.com/site/adaysaigon/blog/dhia-dhao-cu-chi---vung-dhat-thep-thanh-dhong/ASGAM-CC048.jpg?attredirects=0\"><img src=\"https://sites.google.com/site/adaysaigon/_/rsrc/1472856749851/blog/dhia-dhao-cu-chi---vung-dhat-thep-thanh-dhong/ASGAM-CC048.jpg?height=240&amp;width=320\" width=\"320\" height=\"240\" border=\"0\" /></a></strong>\r\n<div><a href=\"https://sites.google.com/site/adaysaigon/blog/dhia-dhao-cu-chi---vung-dhat-thep-thanh-dhong/ASGAM-CC048.jpg?attredirects=0\"><br /></a>\r\n<div>Bẫy th&ocirc; sở để ti&ecirc;u diệt địch</div>\r\n</div>\r\n<br /><br /></div>\r\n</div>\r\n</div>\r\n<div>\r\n<p>Điểm qua những th&ocirc;ng tin tr&ecirc;n, ch&uacute;ng ta cũng phần n&agrave;o h&igrave;nh dung được ho&agrave;n cảnh sống v&agrave; hoạt động của nh&acirc;n ta khi xưa..Để r&ocirc;i sau đ&oacute;, ta sẽ c&oacute; được cảm nhận được tinh thần chiến đấu anh dũng, &yacute; ch&iacute; ki&ecirc;n quyết kh&ocirc;ng sờn của c&aacute;c chiến sĩ giải ph&oacute;ng qu&acirc;n.Khiến ta y&ecirc;u hơn mảnh \" đất th&eacute;p\" n&agrave;y</p>\r\n</div>\r\n</div>', 'images.png', 'images.png', 0, 'Chắc hẳn trong mỗi con người Việt Nam chúng ta đã từng nghe đến Củ Chi, vùng đất được mệnh danh là \"đất thép thành đồng\"....Nơi đã từng là địa bàn cư trú cũng như làm việc của nhân dân ta trong thời kì kháng chiến chống Mỹ - ngụy. Củ Chi đã ghi dấu những chiến tích hào hùng của dân tộc về tinh thần quả cũng như thể hiện sự trí tuệ của những con người nước Nam nhỏ bé tay không chống giặc.Đặc biệt là hệ thống Địa đạo Củ Chi được xây dựng trong lòng đất sâu, dùng để ẩn nấp và chiến đấu với kẻ thù h', 3, 4, 4, 0, '2021-03-13 21:58:54', 30, 1),
(10, 'fdsf', '<h2 id=\"Su%E1%BB%91i%20M%C6%A1%20%E1%BB%9E%20%C4%90%C3%A2u%3F\" data-v-47a251c6=\"\"><strong data-v-47a251c6=\"\">Suối Mơ Ở Đ&acirc;u?</strong></h2>\r\n<div class=\"header-banner-comp\" data-v-47a251c6=\"\"><img src=\"https://res.klook.com/image/upload/fl_lossy.progressive,q_85/c_fill,w_680/v1596008202/blog/hjdmp1jgeasyf5omr4ez.webp\" alt=\"suoi-mo-1\" data-src=\"https://res.klook.com/image/upload/fl_lossy.progressive,q_85/c_fill,w_680/v1596008202/blog/hjdmp1jgeasyf5omr4ez.webp\" /></div>\r\n<div class=\"p-txt\" data-v-47a251c6=\"\">C&ocirc;ng vi&ecirc;n Suối Mơ l&agrave; khu du lịch sinh th&aacute;i bạn kh&ocirc;ng thể bỏ qua khi du lịch Đồng Nai. Nằm c&aacute;ch trung t&acirc;m S&agrave;i G&ograve;n chỉ khoảng 100km, nơi đ&acirc;y l&agrave; địa điểm thu h&uacute;t c&aacute;c bạn trẻ tổ chức c&aacute;c buổi d&atilde; ngoại đầy vui nhộn, v&agrave; cũng l&agrave; nơi để c&aacute;c gia đ&igrave;nh lựa chọn để nghỉ ngơi, tận hưởng kh&ocirc;ng gian xanh m&aacute;t v&agrave;o mỗi dịp cuối tuần.</div>\r\n<ul data-v-47a251c6=\"\">\r\n<li data-v-47a251c6=\"\">\r\n<div class=\"p-txt\" data-v-47a251c6=\"\"><strong data-v-47a251c6=\"\">Địa chỉ Suối Mơ Park:</strong>&nbsp;09, ấp 6, x&atilde; Tr&agrave; Cổ, huyện T&acirc;n Ph&uacute;, tỉnh Đồng Nai.</div>\r\n</li>\r\n<li data-v-47a251c6=\"\">\r\n<div class=\"p-txt\" data-v-47a251c6=\"\"><strong data-v-47a251c6=\"\">Số điện thoại:&nbsp;</strong>(0251)3.697.025-026</div>\r\n</li>\r\n</ul>\r\n<div class=\"p-txt\" data-v-47a251c6=\"\">Khu du lịch Suối Mơ c&ograve;n c&oacute; văn ph&ograve;ng đại diện ngay tại S&agrave;i G&ograve;n, bạn c&oacute; thể li&ecirc;n hệ trực tiếp để biết th&ecirc;m th&ocirc;ng tin.</div>\r\n<ul data-v-47a251c6=\"\">\r\n<li data-v-47a251c6=\"\">\r\n<div class=\"p-txt\" data-v-47a251c6=\"\"><strong data-v-47a251c6=\"\">Địa chỉ:&nbsp;</strong>40 Hoa Đ&agrave;o, phường 2, quận Ph&uacute; Nhuận, tp.HCM</div>\r\n</li>\r\n<li data-v-47a251c6=\"\">\r\n<div class=\"p-txt\" data-v-47a251c6=\"\"><strong data-v-47a251c6=\"\">Số điện thoại:</strong>&nbsp;0342 232 979 - 0984 171 336 (Ms. Thảo) / 0972 977 778 - 0964 672 727 (Mr. Kh&ocirc;i)</div>\r\n</li>\r\n</ul>\r\n<h2 id=\"H%C6%B0%E1%BB%9Bng%20D%E1%BA%ABn%20C%C3%A1ch%20%C4%90i%20%C4%90%E1%BA%BFn%20Khu%20Du%20L%E1%BB%8Bch%20Su%E1%BB%91i%20M%C6%A1\" data-v-47a251c6=\"\"><strong data-v-47a251c6=\"\">Hướng Dẫn C&aacute;ch Đi Đến Khu Du Lịch Suối Mơ</strong></h2>\r\n<div class=\"header-banner-comp\" data-v-47a251c6=\"\"><img src=\"https://res.klook.com/image/upload/fl_lossy.progressive,q_85/c_fill,w_680/v1596008184/blog/acehq2jym0o8idjjfy3b.webp\" alt=\"suoi-mo-2\" data-src=\"https://res.klook.com/image/upload/fl_lossy.progressive,q_85/c_fill,w_680/v1596008184/blog/acehq2jym0o8idjjfy3b.webp\" /></div>\r\n<div class=\"p-txt\" data-v-47a251c6=\"\">C&oacute; nhiều c&aacute;ch để di chuyển đến Suối Mơ, bạn c&oacute; thể đi xe m&aacute;y, xe bu&yacute;t hoặc xe kh&aacute;ch đưa đ&oacute;n đến tận nơi.&nbsp;</div>\r\n<h3 class=\"h3-main-content\" data-v-47a251c6=\"\"><strong data-v-47a251c6=\"\">1. Đi bằng xe m&aacute;y:</strong></h3>\r\n<div class=\"p-txt\" data-v-47a251c6=\"\">Nếu chọn phương &aacute;n đi xe m&aacute;y, bạn sẽ mất khoảng 3 giờ chạy xe với lộ tr&igrave;nh như sau:</div>\r\n<ul data-v-47a251c6=\"\">\r\n<li data-v-47a251c6=\"\">\r\n<div class=\"p-txt\" data-v-47a251c6=\"\">Khởi h&agrave;nh theo hướng Quốc Lộ 1 khoảng hơn 64km đến Ng&atilde; 3 Dầu D&acirc;y</div>\r\n</li>\r\n<li data-v-47a251c6=\"\">\r\n<div class=\"p-txt\" data-v-47a251c6=\"\">Sau đ&oacute; rẽ tr&aacute;i theo Quốc Lộ 20 hướng đi Đ&agrave; Lạt khoảng 48km</div>\r\n</li>\r\n<li data-v-47a251c6=\"\">\r\n<div class=\"p-txt\" data-v-47a251c6=\"\">Qua cột số 48 UBND huyện Định Qu&aacute;n khoảng 700m, rẽ phải chạy thẳng v&agrave;o b&ecirc;n trong l&agrave; đến Suối Mơ</div>\r\n</li>\r\n</ul>\r\n<h3 class=\"h3-main-content\" data-v-47a251c6=\"\"><strong data-v-47a251c6=\"\">2. Đi bằng xe bu&yacute;t:</strong></h3>\r\n<div class=\"p-txt\" data-v-47a251c6=\"\">Tuyến xe bu&yacute;t số 16 đi giữa th&agrave;nh phố Bi&ecirc;n H&ograve;a &ndash; Phương L&acirc;m sẽ trả kh&aacute;ch gần khu du lịch Suối Mơ. Đ&acirc;y l&agrave; c&aacute;ch đi d&agrave;nh cho c&aacute;c bạn c&oacute; xuất ph&aacute;t điểm từ Bi&ecirc;n H&ograve;a. Thời gian xe bu&yacute;t hoạt động l&agrave; từ 3h40 s&aacute;ng đến 8h50 tối.</div>\r\n<h3 class=\"h3-main-content\" data-v-47a251c6=\"\"><strong data-v-47a251c6=\"\">3. Đi bằng xe kh&aacute;ch:</strong></h3>\r\n<div class=\"p-txt\" data-v-47a251c6=\"\">Lựa chọn đi xe kh&aacute;ch cũng l&agrave; phương &aacute;n kh&aacute; an to&agrave;n nếu bạn ngại di chuyển đường xa. Ưu điểm l&agrave; c&aacute;c h&atilde;ng xe kh&aacute;ch c&oacute; dịch vụ đưa đ&oacute;n tận nơi cho du kh&aacute;ch đi từ th&agrave;nh phố HCM, v&agrave; c&aacute;ch 30 ph&uacute;t sẽ c&oacute; một chuyến. C&aacute;c h&atilde;ng xe kh&aacute;ch Thi&ecirc;n Ph&aacute;t Đạt, Quốc Cường, Đồng Hiệp l&agrave; c&aacute;c dịch vụ bạn c&oacute; thể tham khảo.</div>\r\n<div class=\"p-txt\" data-v-47a251c6=\"\"><strong data-v-47a251c6=\"\">Xe kh&aacute;ch Thi&ecirc;n Ph&aacute;t Đạt:</strong>&nbsp;497 L&ecirc; Hồng Phong, Phường 2, Quận 10, Tp.HCM / Sđt: 028.3833555</div>\r\n<div class=\"p-txt\" data-v-47a251c6=\"\"><strong data-v-47a251c6=\"\">Xe kh&aacute;ch Quốc Cường:</strong>&nbsp;279/39 Trịnh Đ&igrave;nh Trọng , Quận 11, Tp.HCM / Sđt: 025.13851581 &ndash; 028.39740814</div>\r\n<div class=\"p-txt\" data-v-47a251c6=\"\"><strong data-v-47a251c6=\"\">Xe kh&aacute;ch Đồng Hiệp:</strong>&nbsp;Xuất bến tại Bến Xe Miền Đ&ocirc;ng / Sđt: 0919.171.120</div>\r\n<div class=\"p-txt\" data-v-47a251c6=\"\">Ngo&agrave;i xe kh&aacute;ch v&agrave; xe gắn m&aacute;y, du kh&aacute;ch c&oacute; thể đi đến Suối Mơ bằng c&aacute;ch&nbsp;<a href=\"https://www.klook.com/vi/activity/6351-private-car-charter-ho-chi-minh/?from_campaign=vn_suoi-mo_19-mar-2020_vi-vn&amp;from_medium=content&amp;from_source=blog\" target=\"_blank\" rel=\"noopener\" data-spm-module=\"InArticleHyperlinkWord?ext={&quot;LinkURL&quot;:&quot;https%3A%2F%2Fwww.klook.com%2Fvi%2Factivity%2F6351-private-car-charter-ho-chi-minh%2F%3Ffrom_campaign%3Dvn_suoi-mo_19-mar-2020_vi-vn%26from_medium%3Dcontent%26from_source%3Dblog&quot;}\" data-v-47a251c6=\"\"><span data-spm-item=\"__default?typ=entry\" data-v-47a251c6=\"\"><u data-v-47a251c6=\"\">thu&ecirc; xe ri&ecirc;ng ở TP.HCM</u></span></a>. Đ&acirc;y l&agrave; lựa chọn tiết kiệm d&agrave;nh cho nh&oacute;m du lịch tự t&uacute;c từ 3 người. Bạn c&oacute; thể chọn điểm đến tuỳ &yacute; trong h&agrave;nh tr&igrave;nh đến c&aacute;c địa điểm gần S&agrave;i G&ograve;n như Vũng T&agrave;u, Địa Đạo Củ Chi v&agrave; T&ograve;a Th&aacute;nh Cao Đ&agrave;i.&nbsp;</div>\r\n<div class=\"button-comp\" data-v-47a251c6=\"\">\r\n<div class=\"bury-point-comp\" data-spm-module=\"InArticleHyperlinkTab?ext={&quot;LinkURL&quot;:&quot;https%3A%2F%2Fwww.klook.com%2Fvi%2Factivity%2F6351-private-car-charter-ho-chi-minh%2F%3Ffrom_campaign%3Dvn_suoi-mo_19-mar-2020_vi-vn%26from_medium%3Dcontent%26from_source%3Dblog&quot;}\" data-v-47a251c6=\"\"><a href=\"https://www.klook.com/vi/activity/6351-private-car-charter-ho-chi-minh/?from_campaign=vn_suoi-mo_19-mar-2020_vi-vn&amp;from_medium=content&amp;from_source=blog\" target=\"_blank\" rel=\"noopener\" data-spm-item=\"__default?typ=entry\" data-v-47a251c6=\"\">Thu&ecirc; Xe Đi Suối Mơ Từ TP.HCM</a></div>\r\n</div>\r\n<h2 id=\"B%E1%BA%A3ng%20Gi%C3%A1%20C%C3%B4ng%20Vi%C3%AAn%20Su%E1%BB%91i%20M%C6%A1\" data-v-47a251c6=\"\"><strong data-v-47a251c6=\"\">Bảng Gi&aacute; C&ocirc;ng Vi&ecirc;n Suối Mơ</strong></h2>\r\n<div class=\"header-banner-comp\" data-v-47a251c6=\"\"><img src=\"https://res.klook.com/image/upload/fl_lossy.progressive,q_85/c_fill,w_680/v1596008172/blog/qqry0lx0gmf2wmykbjxl.webp\" alt=\"suoi-mo-3\" data-src=\"https://res.klook.com/image/upload/fl_lossy.progressive,q_85/c_fill,w_680/v1596008172/blog/qqry0lx0gmf2wmykbjxl.webp\" /></div>\r\n<div class=\"p-txt\" data-v-47a251c6=\"\">Gi&aacute; v&eacute; v&agrave;o cổng khu du lịch Suối Mơ kh&ocirc;ng qu&aacute; đắt, nhưng để sử dụng th&ecirc;m c&aacute;c dịch vụ kh&aacute;c như ăn uống, vui chơi, cắm trại v.v... bạn cần trả th&ecirc;m chi ph&iacute; ri&ecirc;ng.</div>\r\n<ul data-v-47a251c6=\"\">\r\n<li data-v-47a251c6=\"\">\r\n<div class=\"p-txt\" data-v-47a251c6=\"\">Người lớn: 80.000 đồng/v&eacute;</div>\r\n</li>\r\n<li data-v-47a251c6=\"\">\r\n<div class=\"p-txt\" data-v-47a251c6=\"\">Trẻ em: 50.000 đồng/v&eacute;</div>\r\n</li>\r\n</ul>\r\n<div class=\"p-txt\" data-v-47a251c6=\"\"><em data-v-47a251c6=\"\">*Gi&aacute; v&eacute; tăng th&ecirc;m 20.000 đồng v&agrave;o Thứ 7 v&agrave; Chủ Nhật. Với những cặp đ&ocirc;i c&oacute; &yacute; định chụp ảnh cưới tại Suối Mơ, gi&aacute; v&eacute; &aacute;p dụng l&agrave; 900.000 đồng/lượt.</em></div>\r\n<div class=\"p-txt\" data-v-47a251c6=\"\"><strong data-v-47a251c6=\"\">Giờ mở cửa Suối Mơ :&nbsp;</strong>Tất cả c&aacute;c ng&agrave;y trong tuần, từ 8 giờ s&aacute;ng đến 5 giờ chiều.</div>\r\n<h2 id=\"Ho%E1%BA%A1t%20%C4%90%E1%BB%99ng%20%C4%90%E1%BA%B7c%20S%E1%BA%AFc%20%E1%BB%9E%20Khu%20Du%20L%E1%BB%8Bch%20Sinh%20Th%C3%A1i%20Su%E1%BB%91i%20M%C6%A1\" data-v-47a251c6=\"\"><strong data-v-47a251c6=\"\">Hoạt Động Đặc Sắc Ở Khu Du Lịch Sinh Th&aacute;i Suối Mơ</strong></h2>\r\n<div class=\"p-txt\" data-v-47a251c6=\"\">&ldquo;Suối Mơ c&oacute; g&igrave; hay?&rdquo; l&agrave; c&acirc;u hỏi rất nhiều người t&ograve; m&ograve; muốn biết c&acirc;u trả lời ch&iacute;nh x&aacute;c. Vậy h&atilde;y c&ugrave;ng Klook &ldquo;du lịch qua m&agrave;n ảnh&rdquo; một v&ograve;ng xem thử nơi đ&acirc;y c&oacute; g&igrave; để tạo n&ecirc;n sức h&uacute;t hấp dẫn nh&eacute;.</div>\r\n<h3 class=\"h3-main-content\" data-v-47a251c6=\"\"><strong data-v-47a251c6=\"\">1. Ốc Đảo Kem</strong></h3>\r\n<div class=\"header-banner-comp\" data-v-47a251c6=\"\"><img src=\"https://res.klook.com/image/upload/fl_lossy.progressive,q_85/c_fill,w_680/v1596008167/blog/uzwzfjkerrp4zyo46nbq.webp\" alt=\"suoi-mo-4\" data-src=\"https://res.klook.com/image/upload/fl_lossy.progressive,q_85/c_fill,w_680/v1596008167/blog/uzwzfjkerrp4zyo46nbq.webp\" /></div>\r\n<div class=\"p-txt\" data-v-47a251c6=\"\">Rời bỏ c&aacute;i n&oacute;ng nực, bụi bặm của phố thị, đến với lễ hội &ldquo;Ốc đảo kem&rdquo; tại Suối Mơ, du kh&aacute;ch kh&ocirc;ng chỉ được tận hưởng kh&ocirc;ng kh&iacute; biển m&ugrave;a h&egrave; giống y hệt một h&ograve;n đảo thu nhỏ m&agrave; c&ograve;n được thoải m&aacute;i tạo d&aacute;ng tr&ecirc;n biển tại những boots chụp ảnh cực cool, b&ecirc;n cạnh kh&ocirc;ng kh&iacute; trong l&agrave;nh của n&uacute;i rừng hoang sơ v&agrave; đắm m&igrave;nh trong d&ograve;ng nước xanh m&aacute;t lạnh của d&ograve;ng suối m&aacute;t lạnh.</div>\r\n<h3 class=\"h3-main-content\" data-v-47a251c6=\"\"><strong data-v-47a251c6=\"\">2. Vườn Hoa Hướng Dương</strong></h3>\r\n<div class=\"header-banner-comp\" data-v-47a251c6=\"\"><img src=\"https://res.klook.com/image/upload/fl_lossy.progressive,q_85/c_fill,w_680/v1596008156/blog/bbfpch2wzye8dh3fnxca.webp\" alt=\"suoi-mo-5\" data-src=\"https://res.klook.com/image/upload/fl_lossy.progressive,q_85/c_fill,w_680/v1596008156/blog/bbfpch2wzye8dh3fnxca.webp\" /></div>\r\n<div class=\"p-txt\" data-v-47a251c6=\"\">Lần đầu ti&ecirc;n, một c&aacute;nh đồng hoa hướng dương khoảng gần 1.000 c&acirc;y xuất hiện tại C&ocirc;ng Vi&ecirc;n Suối Mơ. Một kh&ocirc;ng gian y&ecirc;n tĩnh, dạt d&agrave;o đến lạ thường của c&aacute;nh đồng hoa hướng dương tại Suối Mơ được tạo n&ecirc;n bởi m&agrave;u xanh của sự sống v&agrave; m&agrave;u v&agrave;ng của hi vọng đẹp. Khu vườn hoa hướng dương l&agrave; một địa điểm \"check in\" v&ocirc; c&ugrave;ng hấp dẫn kh&ocirc;ng thể bỏ qua được của nhiều bạn trẻ v&agrave; du kh&aacute;ch khi đến tham quan v&agrave; nghỉ dưỡng.</div>\r\n<h3 class=\"h3-main-content\" data-v-47a251c6=\"\"><strong data-v-47a251c6=\"\">3. Hồ Bơi Tự Nhi&ecirc;n</strong></h3>\r\n<div class=\"header-banner-comp\" data-v-47a251c6=\"\"><img src=\"https://res.klook.com/image/upload/fl_lossy.progressive,q_85/c_fill,w_680/v1596008151/blog/o50i4dwbr0pbiobmgrph.webp\" alt=\"suoi-mo-6\" data-src=\"https://res.klook.com/image/upload/fl_lossy.progressive,q_85/c_fill,w_680/v1596008151/blog/o50i4dwbr0pbiobmgrph.webp\" /></div>\r\n<div class=\"p-txt\" data-v-47a251c6=\"\">Đến với khu du lịch Suối Mơ, l&agrave;m sao c&oacute; thể kh&ocirc;ng nhắc đến hồ bơi tự nhi&ecirc;n c&oacute; diện t&iacute;ch hơn 1000m2, với độ s&acirc;u l&yacute; tưởng chỉ từ 1m đến 1m5. Đặc biệt, đ&acirc;y l&agrave; hồ tắm tự nhi&ecirc;n duy&nbsp; nhất bạn c&oacute; thể nh&igrave;n thấy từng vi&ecirc;n sỏi, đ&agrave;n c&aacute; bơi lội ngay dưới ch&acirc;n m&igrave;nh. Tự do cảm nhận sự b&igrave;nh y&ecirc;n của thi&ecirc;n nhi&ecirc;n nơi đ&acirc;y l&agrave; một trong những trải nghiệm qu&yacute; b&aacute;u kh&ocirc;ng phải nơi đ&acirc;u cũng c&oacute; được.</div>\r\n<h3 class=\"h3-main-content\" data-v-47a251c6=\"\"><strong data-v-47a251c6=\"\">4. Nh&agrave; Phao Li&ecirc;n Ho&agrave;n</strong></h3>\r\n<div class=\"header-banner-comp\" data-v-47a251c6=\"\"><img src=\"https://res.klook.com/image/upload/fl_lossy.progressive,q_85/c_fill,w_680/v1596008147/blog/klt0lwpyqcwced7gddmt.webp\" alt=\"suoi-mo-7\" data-src=\"https://res.klook.com/image/upload/fl_lossy.progressive,q_85/c_fill,w_680/v1596008147/blog/klt0lwpyqcwced7gddmt.webp\" /></div>\r\n<div class=\"p-txt\" data-v-47a251c6=\"\">Nh&agrave; phao li&ecirc;n ho&agrave;n l&agrave; tr&ograve; chơi bạn kh&ocirc;ng n&ecirc;n bỏ lỡ khi đến với khu du lịch Suối Mơ. Được x&acirc;y dựng ngay tại hồ Suối Mơ với m&agrave;u sắc nổi bật, nh&agrave; phao li&ecirc;n ho&agrave;n l&agrave; tổ hợp nhiều tr&ograve; chơi dưới nước hấp dẫn ph&ugrave; hợp mọi lứa tuổi, hứa hẹn đem đến cho bạn những tiếng cười sảng kho&aacute;i, kh&oacute; qu&ecirc;n.</div>\r\n<h3 class=\"h3-main-content\" data-v-47a251c6=\"\"><strong data-v-47a251c6=\"\">5. M&ocirc; T&ocirc; Nước</strong></h3>\r\n<div class=\"header-banner-comp\" data-v-47a251c6=\"\"><img src=\"https://res.klook.com/image/upload/fl_lossy.progressive,q_85/c_fill,w_680/v1596008142/blog/xmeffgezibbtho6r9xsg.webp\" alt=\"suoi-mo-8\" data-src=\"https://res.klook.com/image/upload/fl_lossy.progressive,q_85/c_fill,w_680/v1596008142/blog/xmeffgezibbtho6r9xsg.webp\" /></div>\r\n<div class=\"p-txt\" data-v-47a251c6=\"\">Nếu chưa từng trải nghiệm l&aacute;i m&ocirc; t&ocirc; nước, th&igrave; đ&acirc;y l&agrave; cơ hội d&agrave;nh cho bạn thử th&aacute;ch ch&iacute;nh bản th&acirc;n rồi đ&oacute;! M&ocirc;n thể thao n&agrave;y rất thu h&uacute;t những du kh&aacute;ch m&ecirc; tốc độ, c&oacute; thể đi hai người hoặc một người với chiếc m&ocirc;-t&ocirc; nước. C&ograve;n chần chừ g&igrave; m&agrave; kh&ocirc;ng tận hưởng ngay cảm gi&aacute;c rất &ldquo;Yomost!&rdquo; khi tự l&aacute;i chiếc m&ocirc; t&ocirc; nước lượn s&oacute;ng tr&ecirc;n mặt hồ tuyệt đẹp tại Suối Mơ?</div>\r\n<h3 class=\"h3-main-content\" data-v-47a251c6=\"\"><strong data-v-47a251c6=\"\">6. Massage C&aacute;</strong></h3>\r\n<div class=\"header-banner-comp\" data-v-47a251c6=\"\"><img src=\"https://res.klook.com/image/upload/fl_lossy.progressive,q_85/c_fill,w_680/v1596008123/blog/r0dlwbvly0wqzyl3mf4m.webp\" alt=\"suoi-mo-9\" data-src=\"https://res.klook.com/image/upload/fl_lossy.progressive,q_85/c_fill,w_680/v1596008123/blog/r0dlwbvly0wqzyl3mf4m.webp\" /></div>\r\n<div class=\"p-txt\" data-v-47a251c6=\"\">Massage c&aacute; l&agrave; h&igrave;nh thức ng&acirc;m ch&acirc;n trong bể c&aacute; để thư gi&atilde;n. Những ch&uacute; c&aacute; khi bị thu h&uacute;t bởi &ldquo;vật thể lạ&rdquo; l&agrave; đ&ocirc;i ch&acirc;n của bạn, sẽ chủ động v&acirc;y quanh v&agrave; rỉa da chết, vết bẩn từ ch&acirc;n. Cảm gi&aacute;c hơi nhột nhột nhưng rất k&iacute;ch th&iacute;ch nh&eacute;. Bạn n&ecirc;n ng&acirc;m ch&acirc;n trong khoảng từ 20 đến 30 ph&uacute;t để đạt được hiệu quả tốt nhất.</div>\r\n<h3 class=\"h3-main-content\" data-v-47a251c6=\"\"><strong data-v-47a251c6=\"\">7. Khu Tr&ograve; Chơi D&acirc;n Gian</strong></h3>\r\n<div class=\"header-banner-comp\" data-v-47a251c6=\"\"><img src=\"https://res.klook.com/image/upload/fl_lossy.progressive,q_85/c_fill,w_680/v1596008116/blog/xvuchsdxxrpwv93sumaa.webp\" alt=\"suoi-mo-10\" data-src=\"https://res.klook.com/image/upload/fl_lossy.progressive,q_85/c_fill,w_680/v1596008116/blog/xvuchsdxxrpwv93sumaa.webp\" /></div>\r\n<div class=\"p-txt\" data-v-47a251c6=\"\">Khu tr&ograve; chơi d&acirc;n gian l&agrave; điểm dừng ch&acirc;n y&ecirc;u th&iacute;ch của c&aacute;c b&eacute;. Với nhiều tr&ograve; chơi v&agrave; qu&agrave; tặng hấp dẫn mang đến cho du kh&aacute;ch c&aacute;c trải nghiệm th&uacute; vị kh&aacute;c nhau. Những tr&ograve; chơi c&oacute; thể lệ đơn giản c&ugrave;ng phần qu&agrave; c&oacute; gi&aacute; trị lớn l&agrave; điểm hấp dẫn của khu tr&ograve; chơi d&acirc;n gian Suối Mơ.</div>\r\n<h3 class=\"h3-main-content\" data-v-47a251c6=\"\"><strong data-v-47a251c6=\"\">8. M&aacute;ng Trượt Đa L&agrave;n</strong></h3>\r\n<div class=\"header-banner-comp\" data-v-47a251c6=\"\"><img src=\"https://res.klook.com/image/upload/fl_lossy.progressive,q_85/c_fill,w_680/v1596008112/blog/xdlv2tt0afjxazikvwr1.webp\" alt=\"suoi-mo-11\" data-src=\"https://res.klook.com/image/upload/fl_lossy.progressive,q_85/c_fill,w_680/v1596008112/blog/xdlv2tt0afjxazikvwr1.webp\" /></div>\r\n<div class=\"p-txt\" data-v-47a251c6=\"\">Ai muốn th&aacute;ch thức sự liều lĩnh v&agrave; gan dạ của bản th&acirc;n th&igrave; n&ecirc;n thử sức với M&aacute;ng trượt đa l&agrave;n. Cầu trượt được thiết kế cao 12m, c&oacute; 3 l&agrave;n trượt với nhiều m&agrave;u sắc v&agrave; cấu tạo kh&aacute;c nhau sẽ đem đến những thử th&aacute;ch từ dễ đến kh&oacute;. C&oacute; dịp đến khu du lịch Suối Mơ, bạn đừng bỏ qua tr&ograve; chơi n&agrave;y nh&eacute;.</div>\r\n<h3 class=\"h3-main-content\" data-v-47a251c6=\"\"><strong data-v-47a251c6=\"\">9. C&aacute; B&uacute; B&igrave;nh</strong></h3>\r\n<div class=\"header-banner-comp\" data-v-47a251c6=\"\"><img src=\"https://res.klook.com/image/upload/fl_lossy.progressive,q_85/c_fill,w_680/v1596008108/blog/dyrfnr6mgba3wywwfjei.webp\" alt=\"suoi-mo-12\" data-src=\"https://res.klook.com/image/upload/fl_lossy.progressive,q_85/c_fill,w_680/v1596008108/blog/dyrfnr6mgba3wywwfjei.webp\" /></div>\r\n<div class=\"p-txt\" data-v-47a251c6=\"\">Nhằm đem đến cho du kh&aacute;ch nhiều trải nghiệm mới lạ, tr&ograve; chơi C&aacute; B&uacute; &igrave;nh đ&atilde; ra đời. Nếu chưa từng tận tay cho c&aacute; ăn bằng chiếc b&igrave;nh sữa của em b&eacute;, đến với Suối . H&igrave;nh ảnh h&agrave;ng trăm c&aacute; KOI nh&ocirc; l&ecirc;n khỏi mặt nước trong hồ rộng lớn v&agrave; đua nhau ngậm n&uacute;m b&igrave;nh sữa chứa thức ăn sẽ mang đến sự th&iacute;ch th&uacute; cho mọi người.</div>\r\n<h3 class=\"h3-main-content\" data-v-47a251c6=\"\"><strong data-v-47a251c6=\"\">10. Team Building</strong></h3>\r\n<div class=\"header-banner-comp\" data-v-47a251c6=\"\"><img src=\"https://res.klook.com/image/upload/fl_lossy.progressive,q_85/c_fill,w_680/v1596008101/blog/paggvvxenuqamfs24tfl.webp\" alt=\"suoi-mo-13\" data-src=\"https://res.klook.com/image/upload/fl_lossy.progressive,q_85/c_fill,w_680/v1596008101/blog/paggvvxenuqamfs24tfl.webp\" /></div>\r\n<div class=\"p-txt\" data-v-47a251c6=\"\">Đến với Suối Mơ, ngo&agrave;i kh&aacute;m ph&aacute; v&ugrave;ng đất tươi đẹp, đắm m&igrave;nh v&agrave;o hồ nước trong vắt, bao quanh cảnh quan thi&ecirc;n nhi&ecirc;n xanh mướt, thỏa sức kh&aacute;m ph&aacute; thi&ecirc;n nhi&ecirc;n v&ocirc; tận, bạn c&ograve;n c&oacute; thể trải nghiệm c&aacute;c hoạt đồng đội si&ecirc;u vui, kh&ocirc;ng thể n&agrave;o qu&ecirc;n. C&aacute;c tr&ograve; chơi Team building gi&uacute;p đẩy cao tinh thần đồng đội, x&acirc;y dựng được sự đo&agrave;n kết cao, tạo sự gắn kết v&agrave; x&acirc;y dựng niềm tin giữa mọi người trong một tập thể.</div>\r\n<h3 class=\"h3-main-content\" data-v-47a251c6=\"\"><strong data-v-47a251c6=\"\">11. Ăn Uống Tại Khu Du Lịch Suối Mơ</strong></h3>\r\n<div class=\"header-banner-comp\" data-v-47a251c6=\"\"><img src=\"https://res.klook.com/image/upload/fl_lossy.progressive,q_85/c_fill,w_680/v1596008097/blog/giwptkjzvdztpylgz60z.webp\" alt=\"suoi-mo-14\" data-src=\"https://res.klook.com/image/upload/fl_lossy.progressive,q_85/c_fill,w_680/v1596008097/blog/giwptkjzvdztpylgz60z.webp\" /></div>\r\n<div class=\"p-txt\" data-v-47a251c6=\"\">Khu du lịch Suối Mơ kh&ocirc;ng khuyến kh&iacute;ch bạn mang thức ăn ri&ecirc;ng, v&igrave; mục đ&iacute;ch muốn đảm bảo vệ sinh chung cho khu vui chơi. Tuy nhi&ecirc;n, tại đ&acirc;y c&oacute; rất nhiều lựa chọn về ẩm thực. C&oacute; đến hai nh&agrave; h&agrave;ng l&agrave; Nh&agrave; h&agrave;ng Hoa Anh Đ&agrave;o chuy&ecirc;n phục vụ những m&oacute;n ăn d&acirc;n d&atilde;, được chế biến theo khẩu vị địa phương rất ri&ecirc;ng;&nbsp; v&agrave; nh&agrave; h&agrave;ng nổi Bar Xanh với kh&ocirc;ng gian tho&aacute;ng đ&atilde;ng, chuy&ecirc;n phục vụ c&aacute;c m&oacute;n Việt thuần t&uacute;y cũng kh&ocirc;ng l&agrave;m bạn thất vọng. Ngo&agrave;i ra, với những bạn muốn cắm trại qua đ&ecirc;m c&oacute; thể li&ecirc;n hệ trực tiếp với khu du lịch, để tham khảo thực đơn nướng BBQ v&agrave;o buổi tối nh&eacute;.</div>', '52461f71-44b8-4dce-96eb-b501dbca20fb.png', '52461f71-44b8-4dce-96eb-b501dbca20fb.png', 0, 'dsfsd', 3, 6, 0, 0, NULL, 21, 21);
INSERT INTO `article` (`IDArticle`, `Title`, `Content`, `Avatar`, `BigAvatar`, `IsPremium`, `Abstract`, `Writter`, `Status`, `Views`, `Ranks`, `TimePublish`, `IDCate`, `IDSubCategory`) VALUES
(11, 'Khu Du Lịch Suối Mơ - Điểm Họp Mặt Cuối Tuần Ở Đồng Nai', '<h2 id=\"Su%E1%BB%91i%20M%C6%A1%20%E1%BB%9E%20%C4%90%C3%A2u%3F\" data-v-47a251c6=\"\"><strong data-v-47a251c6=\"\">Suối Mơ Ở Đ&acirc;u?</strong></h2>\r\n<div class=\"header-banner-comp\" data-v-47a251c6=\"\"><img src=\"https://res.klook.com/image/upload/fl_lossy.progressive,q_85/c_fill,w_680/v1596008202/blog/hjdmp1jgeasyf5omr4ez.webp\" alt=\"suoi-mo-1\" data-src=\"https://res.klook.com/image/upload/fl_lossy.progressive,q_85/c_fill,w_680/v1596008202/blog/hjdmp1jgeasyf5omr4ez.webp\" /></div>\r\n<div class=\"p-txt\" data-v-47a251c6=\"\">C&ocirc;ng vi&ecirc;n Suối Mơ l&agrave; khu du lịch sinh th&aacute;i bạn kh&ocirc;ng thể bỏ qua khi du lịch Đồng Nai. Nằm c&aacute;ch trung t&acirc;m S&agrave;i G&ograve;n chỉ khoảng 100km, nơi đ&acirc;y l&agrave; địa điểm thu h&uacute;t c&aacute;c bạn trẻ tổ chức c&aacute;c buổi d&atilde; ngoại đầy vui nhộn, v&agrave; cũng l&agrave; nơi để c&aacute;c gia đ&igrave;nh lựa chọn để nghỉ ngơi, tận hưởng kh&ocirc;ng gian xanh m&aacute;t v&agrave;o mỗi dịp cuối tuần.</div>\r\n<ul data-v-47a251c6=\"\">\r\n<li data-v-47a251c6=\"\">\r\n<div class=\"p-txt\" data-v-47a251c6=\"\"><strong data-v-47a251c6=\"\">Địa chỉ Suối Mơ Park:</strong>&nbsp;09, ấp 6, x&atilde; Tr&agrave; Cổ, huyện T&acirc;n Ph&uacute;, tỉnh Đồng Nai.</div>\r\n</li>\r\n<li data-v-47a251c6=\"\">\r\n<div class=\"p-txt\" data-v-47a251c6=\"\"><strong data-v-47a251c6=\"\">Số điện thoại:&nbsp;</strong>(0251)3.697.025-026</div>\r\n</li>\r\n</ul>\r\n<div class=\"p-txt\" data-v-47a251c6=\"\">Khu du lịch Suối Mơ c&ograve;n c&oacute; văn ph&ograve;ng đại diện ngay tại S&agrave;i G&ograve;n, bạn c&oacute; thể li&ecirc;n hệ trực tiếp để biết th&ecirc;m th&ocirc;ng tin.</div>\r\n<ul data-v-47a251c6=\"\">\r\n<li data-v-47a251c6=\"\">\r\n<div class=\"p-txt\" data-v-47a251c6=\"\"><strong data-v-47a251c6=\"\">Địa chỉ:&nbsp;</strong>40 Hoa Đ&agrave;o, phường 2, quận Ph&uacute; Nhuận, tp.HCM</div>\r\n</li>\r\n<li data-v-47a251c6=\"\">\r\n<div class=\"p-txt\" data-v-47a251c6=\"\"><strong data-v-47a251c6=\"\">Số điện thoại:</strong>&nbsp;0342 232 979 - 0984 171 336 (Ms. Thảo) / 0972 977 778 - 0964 672 727 (Mr. Kh&ocirc;i)</div>\r\n</li>\r\n</ul>\r\n<h2 id=\"H%C6%B0%E1%BB%9Bng%20D%E1%BA%ABn%20C%C3%A1ch%20%C4%90i%20%C4%90%E1%BA%BFn%20Khu%20Du%20L%E1%BB%8Bch%20Su%E1%BB%91i%20M%C6%A1\" data-v-47a251c6=\"\"><strong data-v-47a251c6=\"\">Hướng Dẫn C&aacute;ch Đi Đến Khu Du Lịch Suối Mơ</strong></h2>\r\n<div class=\"header-banner-comp\" data-v-47a251c6=\"\"><img src=\"https://res.klook.com/image/upload/fl_lossy.progressive,q_85/c_fill,w_680/v1596008184/blog/acehq2jym0o8idjjfy3b.webp\" alt=\"suoi-mo-2\" data-src=\"https://res.klook.com/image/upload/fl_lossy.progressive,q_85/c_fill,w_680/v1596008184/blog/acehq2jym0o8idjjfy3b.webp\" /></div>\r\n<div class=\"p-txt\" data-v-47a251c6=\"\">C&oacute; nhiều c&aacute;ch để di chuyển đến Suối Mơ, bạn c&oacute; thể đi xe m&aacute;y, xe bu&yacute;t hoặc xe kh&aacute;ch đưa đ&oacute;n đến tận nơi.&nbsp;</div>\r\n<h3 class=\"h3-main-content\" data-v-47a251c6=\"\"><strong data-v-47a251c6=\"\">1. Đi bằng xe m&aacute;y:</strong></h3>\r\n<div class=\"p-txt\" data-v-47a251c6=\"\">Nếu chọn phương &aacute;n đi xe m&aacute;y, bạn sẽ mất khoảng 3 giờ chạy xe với lộ tr&igrave;nh như sau:</div>\r\n<ul data-v-47a251c6=\"\">\r\n<li data-v-47a251c6=\"\">\r\n<div class=\"p-txt\" data-v-47a251c6=\"\">Khởi h&agrave;nh theo hướng Quốc Lộ 1 khoảng hơn 64km đến Ng&atilde; 3 Dầu D&acirc;y</div>\r\n</li>\r\n<li data-v-47a251c6=\"\">\r\n<div class=\"p-txt\" data-v-47a251c6=\"\">Sau đ&oacute; rẽ tr&aacute;i theo Quốc Lộ 20 hướng đi Đ&agrave; Lạt khoảng 48km</div>\r\n</li>\r\n<li data-v-47a251c6=\"\">\r\n<div class=\"p-txt\" data-v-47a251c6=\"\">Qua cột số 48 UBND huyện Định Qu&aacute;n khoảng 700m, rẽ phải chạy thẳng v&agrave;o b&ecirc;n trong l&agrave; đến Suối Mơ</div>\r\n</li>\r\n</ul>\r\n<h3 class=\"h3-main-content\" data-v-47a251c6=\"\"><strong data-v-47a251c6=\"\">2. Đi bằng xe bu&yacute;t:</strong></h3>\r\n<div class=\"p-txt\" data-v-47a251c6=\"\">Tuyến xe bu&yacute;t số 16 đi giữa th&agrave;nh phố Bi&ecirc;n H&ograve;a &ndash; Phương L&acirc;m sẽ trả kh&aacute;ch gần khu du lịch Suối Mơ. Đ&acirc;y l&agrave; c&aacute;ch đi d&agrave;nh cho c&aacute;c bạn c&oacute; xuất ph&aacute;t điểm từ Bi&ecirc;n H&ograve;a. Thời gian xe bu&yacute;t hoạt động l&agrave; từ 3h40 s&aacute;ng đến 8h50 tối.</div>\r\n<h3 class=\"h3-main-content\" data-v-47a251c6=\"\"><strong data-v-47a251c6=\"\">3. Đi bằng xe kh&aacute;ch:</strong></h3>\r\n<div class=\"p-txt\" data-v-47a251c6=\"\">Lựa chọn đi xe kh&aacute;ch cũng l&agrave; phương &aacute;n kh&aacute; an to&agrave;n nếu bạn ngại di chuyển đường xa. Ưu điểm l&agrave; c&aacute;c h&atilde;ng xe kh&aacute;ch c&oacute; dịch vụ đưa đ&oacute;n tận nơi cho du kh&aacute;ch đi từ th&agrave;nh phố HCM, v&agrave; c&aacute;ch 30 ph&uacute;t sẽ c&oacute; một chuyến. C&aacute;c h&atilde;ng xe kh&aacute;ch Thi&ecirc;n Ph&aacute;t Đạt, Quốc Cường, Đồng Hiệp l&agrave; c&aacute;c dịch vụ bạn c&oacute; thể tham khảo.</div>\r\n<div class=\"p-txt\" data-v-47a251c6=\"\"><strong data-v-47a251c6=\"\">Xe kh&aacute;ch Thi&ecirc;n Ph&aacute;t Đạt:</strong>&nbsp;497 L&ecirc; Hồng Phong, Phường 2, Quận 10, Tp.HCM / Sđt: 028.3833555</div>\r\n<div class=\"p-txt\" data-v-47a251c6=\"\"><strong data-v-47a251c6=\"\">Xe kh&aacute;ch Quốc Cường:</strong>&nbsp;279/39 Trịnh Đ&igrave;nh Trọng , Quận 11, Tp.HCM / Sđt: 025.13851581 &ndash; 028.39740814</div>\r\n<div class=\"p-txt\" data-v-47a251c6=\"\"><strong data-v-47a251c6=\"\">Xe kh&aacute;ch Đồng Hiệp:</strong>&nbsp;Xuất bến tại Bến Xe Miền Đ&ocirc;ng / Sđt: 0919.171.120</div>\r\n<div class=\"p-txt\" data-v-47a251c6=\"\">Ngo&agrave;i xe kh&aacute;ch v&agrave; xe gắn m&aacute;y, du kh&aacute;ch c&oacute; thể đi đến Suối Mơ bằng c&aacute;ch&nbsp;<a href=\"https://www.klook.com/vi/activity/6351-private-car-charter-ho-chi-minh/?from_campaign=vn_suoi-mo_19-mar-2020_vi-vn&amp;from_medium=content&amp;from_source=blog\" target=\"_blank\" rel=\"noopener\" data-spm-module=\"InArticleHyperlinkWord?ext={&quot;LinkURL&quot;:&quot;https%3A%2F%2Fwww.klook.com%2Fvi%2Factivity%2F6351-private-car-charter-ho-chi-minh%2F%3Ffrom_campaign%3Dvn_suoi-mo_19-mar-2020_vi-vn%26from_medium%3Dcontent%26from_source%3Dblog&quot;}\" data-v-47a251c6=\"\"><span data-spm-item=\"__default?typ=entry\" data-v-47a251c6=\"\"><u data-v-47a251c6=\"\">thu&ecirc; xe ri&ecirc;ng ở TP.HCM</u></span></a>. Đ&acirc;y l&agrave; lựa chọn tiết kiệm d&agrave;nh cho nh&oacute;m du lịch tự t&uacute;c từ 3 người. Bạn c&oacute; thể chọn điểm đến tuỳ &yacute; trong h&agrave;nh tr&igrave;nh đến c&aacute;c địa điểm gần S&agrave;i G&ograve;n như Vũng T&agrave;u, Địa Đạo Củ Chi v&agrave; T&ograve;a Th&aacute;nh Cao Đ&agrave;i.&nbsp;</div>\r\n<div class=\"button-comp\" data-v-47a251c6=\"\">\r\n<div class=\"bury-point-comp\" data-spm-module=\"InArticleHyperlinkTab?ext={&quot;LinkURL&quot;:&quot;https%3A%2F%2Fwww.klook.com%2Fvi%2Factivity%2F6351-private-car-charter-ho-chi-minh%2F%3Ffrom_campaign%3Dvn_suoi-mo_19-mar-2020_vi-vn%26from_medium%3Dcontent%26from_source%3Dblog&quot;}\" data-v-47a251c6=\"\"><a href=\"https://www.klook.com/vi/activity/6351-private-car-charter-ho-chi-minh/?from_campaign=vn_suoi-mo_19-mar-2020_vi-vn&amp;from_medium=content&amp;from_source=blog\" target=\"_blank\" rel=\"noopener\" data-spm-item=\"__default?typ=entry\" data-v-47a251c6=\"\">Thu&ecirc; Xe Đi Suối Mơ Từ TP.HCM</a></div>\r\n</div>\r\n<h2 id=\"B%E1%BA%A3ng%20Gi%C3%A1%20C%C3%B4ng%20Vi%C3%AAn%20Su%E1%BB%91i%20M%C6%A1\" data-v-47a251c6=\"\"><strong data-v-47a251c6=\"\">Bảng Gi&aacute; C&ocirc;ng Vi&ecirc;n Suối Mơ</strong></h2>\r\n<div class=\"header-banner-comp\" data-v-47a251c6=\"\"><img src=\"https://res.klook.com/image/upload/fl_lossy.progressive,q_85/c_fill,w_680/v1596008172/blog/qqry0lx0gmf2wmykbjxl.webp\" alt=\"suoi-mo-3\" data-src=\"https://res.klook.com/image/upload/fl_lossy.progressive,q_85/c_fill,w_680/v1596008172/blog/qqry0lx0gmf2wmykbjxl.webp\" /></div>\r\n<div class=\"p-txt\" data-v-47a251c6=\"\">Gi&aacute; v&eacute; v&agrave;o cổng khu du lịch Suối Mơ kh&ocirc;ng qu&aacute; đắt, nhưng để sử dụng th&ecirc;m c&aacute;c dịch vụ kh&aacute;c như ăn uống, vui chơi, cắm trại v.v... bạn cần trả th&ecirc;m chi ph&iacute; ri&ecirc;ng.</div>\r\n<ul data-v-47a251c6=\"\">\r\n<li data-v-47a251c6=\"\">\r\n<div class=\"p-txt\" data-v-47a251c6=\"\">Người lớn: 80.000 đồng/v&eacute;</div>\r\n</li>\r\n<li data-v-47a251c6=\"\">\r\n<div class=\"p-txt\" data-v-47a251c6=\"\">Trẻ em: 50.000 đồng/v&eacute;</div>\r\n</li>\r\n</ul>\r\n<div class=\"p-txt\" data-v-47a251c6=\"\"><em data-v-47a251c6=\"\">*Gi&aacute; v&eacute; tăng th&ecirc;m 20.000 đồng v&agrave;o Thứ 7 v&agrave; Chủ Nhật. Với những cặp đ&ocirc;i c&oacute; &yacute; định chụp ảnh cưới tại Suối Mơ, gi&aacute; v&eacute; &aacute;p dụng l&agrave; 900.000 đồng/lượt.</em></div>\r\n<div class=\"p-txt\" data-v-47a251c6=\"\"><strong data-v-47a251c6=\"\">Giờ mở cửa Suối Mơ :&nbsp;</strong>Tất cả c&aacute;c ng&agrave;y trong tuần, từ 8 giờ s&aacute;ng đến 5 giờ chiều.</div>\r\n<h2 id=\"Ho%E1%BA%A1t%20%C4%90%E1%BB%99ng%20%C4%90%E1%BA%B7c%20S%E1%BA%AFc%20%E1%BB%9E%20Khu%20Du%20L%E1%BB%8Bch%20Sinh%20Th%C3%A1i%20Su%E1%BB%91i%20M%C6%A1\" data-v-47a251c6=\"\"><strong data-v-47a251c6=\"\">Hoạt Động Đặc Sắc Ở Khu Du Lịch Sinh Th&aacute;i Suối Mơ</strong></h2>\r\n<div class=\"p-txt\" data-v-47a251c6=\"\">&ldquo;Suối Mơ c&oacute; g&igrave; hay?&rdquo; l&agrave; c&acirc;u hỏi rất nhiều người t&ograve; m&ograve; muốn biết c&acirc;u trả lời ch&iacute;nh x&aacute;c. Vậy h&atilde;y c&ugrave;ng Klook &ldquo;du lịch qua m&agrave;n ảnh&rdquo; một v&ograve;ng xem thử nơi đ&acirc;y c&oacute; g&igrave; để tạo n&ecirc;n sức h&uacute;t hấp dẫn nh&eacute;.</div>\r\n<h3 class=\"h3-main-content\" data-v-47a251c6=\"\"><strong data-v-47a251c6=\"\">1. Ốc Đảo Kem</strong></h3>\r\n<div class=\"header-banner-comp\" data-v-47a251c6=\"\"><img src=\"https://res.klook.com/image/upload/fl_lossy.progressive,q_85/c_fill,w_680/v1596008167/blog/uzwzfjkerrp4zyo46nbq.webp\" alt=\"suoi-mo-4\" data-src=\"https://res.klook.com/image/upload/fl_lossy.progressive,q_85/c_fill,w_680/v1596008167/blog/uzwzfjkerrp4zyo46nbq.webp\" /></div>\r\n<div class=\"p-txt\" data-v-47a251c6=\"\">Rời bỏ c&aacute;i n&oacute;ng nực, bụi bặm của phố thị, đến với lễ hội &ldquo;Ốc đảo kem&rdquo; tại Suối Mơ, du kh&aacute;ch kh&ocirc;ng chỉ được tận hưởng kh&ocirc;ng kh&iacute; biển m&ugrave;a h&egrave; giống y hệt một h&ograve;n đảo thu nhỏ m&agrave; c&ograve;n được thoải m&aacute;i tạo d&aacute;ng tr&ecirc;n biển tại những boots chụp ảnh cực cool, b&ecirc;n cạnh kh&ocirc;ng kh&iacute; trong l&agrave;nh của n&uacute;i rừng hoang sơ v&agrave; đắm m&igrave;nh trong d&ograve;ng nước xanh m&aacute;t lạnh của d&ograve;ng suối m&aacute;t lạnh.</div>\r\n<h3 class=\"h3-main-content\" data-v-47a251c6=\"\"><strong data-v-47a251c6=\"\">2. Vườn Hoa Hướng Dương</strong></h3>\r\n<div class=\"header-banner-comp\" data-v-47a251c6=\"\"><img src=\"https://res.klook.com/image/upload/fl_lossy.progressive,q_85/c_fill,w_680/v1596008156/blog/bbfpch2wzye8dh3fnxca.webp\" alt=\"suoi-mo-5\" data-src=\"https://res.klook.com/image/upload/fl_lossy.progressive,q_85/c_fill,w_680/v1596008156/blog/bbfpch2wzye8dh3fnxca.webp\" /></div>\r\n<div class=\"p-txt\" data-v-47a251c6=\"\">Lần đầu ti&ecirc;n, một c&aacute;nh đồng hoa hướng dương khoảng gần 1.000 c&acirc;y xuất hiện tại C&ocirc;ng Vi&ecirc;n Suối Mơ. Một kh&ocirc;ng gian y&ecirc;n tĩnh, dạt d&agrave;o đến lạ thường của c&aacute;nh đồng hoa hướng dương tại Suối Mơ được tạo n&ecirc;n bởi m&agrave;u xanh của sự sống v&agrave; m&agrave;u v&agrave;ng của hi vọng đẹp. Khu vườn hoa hướng dương l&agrave; một địa điểm \"check in\" v&ocirc; c&ugrave;ng hấp dẫn kh&ocirc;ng thể bỏ qua được của nhiều bạn trẻ v&agrave; du kh&aacute;ch khi đến tham quan v&agrave; nghỉ dưỡng.</div>\r\n<h3 class=\"h3-main-content\" data-v-47a251c6=\"\"><strong data-v-47a251c6=\"\">3. Hồ Bơi Tự Nhi&ecirc;n</strong></h3>\r\n<div class=\"header-banner-comp\" data-v-47a251c6=\"\"><img src=\"https://res.klook.com/image/upload/fl_lossy.progressive,q_85/c_fill,w_680/v1596008151/blog/o50i4dwbr0pbiobmgrph.webp\" alt=\"suoi-mo-6\" data-src=\"https://res.klook.com/image/upload/fl_lossy.progressive,q_85/c_fill,w_680/v1596008151/blog/o50i4dwbr0pbiobmgrph.webp\" /></div>\r\n<div class=\"p-txt\" data-v-47a251c6=\"\">Đến với khu du lịch Suối Mơ, l&agrave;m sao c&oacute; thể kh&ocirc;ng nhắc đến hồ bơi tự nhi&ecirc;n c&oacute; diện t&iacute;ch hơn 1000m2, với độ s&acirc;u l&yacute; tưởng chỉ từ 1m đến 1m5. Đặc biệt, đ&acirc;y l&agrave; hồ tắm tự nhi&ecirc;n duy&nbsp; nhất bạn c&oacute; thể nh&igrave;n thấy từng vi&ecirc;n sỏi, đ&agrave;n c&aacute; bơi lội ngay dưới ch&acirc;n m&igrave;nh. Tự do cảm nhận sự b&igrave;nh y&ecirc;n của thi&ecirc;n nhi&ecirc;n nơi đ&acirc;y l&agrave; một trong những trải nghiệm qu&yacute; b&aacute;u kh&ocirc;ng phải nơi đ&acirc;u cũng c&oacute; được.</div>\r\n<h3 class=\"h3-main-content\" data-v-47a251c6=\"\"><strong data-v-47a251c6=\"\">4. Nh&agrave; Phao Li&ecirc;n Ho&agrave;n</strong></h3>\r\n<div class=\"header-banner-comp\" data-v-47a251c6=\"\"><img src=\"https://res.klook.com/image/upload/fl_lossy.progressive,q_85/c_fill,w_680/v1596008147/blog/klt0lwpyqcwced7gddmt.webp\" alt=\"suoi-mo-7\" data-src=\"https://res.klook.com/image/upload/fl_lossy.progressive,q_85/c_fill,w_680/v1596008147/blog/klt0lwpyqcwced7gddmt.webp\" /></div>\r\n<div class=\"p-txt\" data-v-47a251c6=\"\">Nh&agrave; phao li&ecirc;n ho&agrave;n l&agrave; tr&ograve; chơi bạn kh&ocirc;ng n&ecirc;n bỏ lỡ khi đến với khu du lịch Suối Mơ. Được x&acirc;y dựng ngay tại hồ Suối Mơ với m&agrave;u sắc nổi bật, nh&agrave; phao li&ecirc;n ho&agrave;n l&agrave; tổ hợp nhiều tr&ograve; chơi dưới nước hấp dẫn ph&ugrave; hợp mọi lứa tuổi, hứa hẹn đem đến cho bạn những tiếng cười sảng kho&aacute;i, kh&oacute; qu&ecirc;n.</div>\r\n<h3 class=\"h3-main-content\" data-v-47a251c6=\"\"><strong data-v-47a251c6=\"\">5. M&ocirc; T&ocirc; Nước</strong></h3>\r\n<div class=\"header-banner-comp\" data-v-47a251c6=\"\"><img src=\"https://res.klook.com/image/upload/fl_lossy.progressive,q_85/c_fill,w_680/v1596008142/blog/xmeffgezibbtho6r9xsg.webp\" alt=\"suoi-mo-8\" data-src=\"https://res.klook.com/image/upload/fl_lossy.progressive,q_85/c_fill,w_680/v1596008142/blog/xmeffgezibbtho6r9xsg.webp\" /></div>\r\n<div class=\"p-txt\" data-v-47a251c6=\"\">Nếu chưa từng trải nghiệm l&aacute;i m&ocirc; t&ocirc; nước, th&igrave; đ&acirc;y l&agrave; cơ hội d&agrave;nh cho bạn thử th&aacute;ch ch&iacute;nh bản th&acirc;n rồi đ&oacute;! M&ocirc;n thể thao n&agrave;y rất thu h&uacute;t những du kh&aacute;ch m&ecirc; tốc độ, c&oacute; thể đi hai người hoặc một người với chiếc m&ocirc;-t&ocirc; nước. C&ograve;n chần chừ g&igrave; m&agrave; kh&ocirc;ng tận hưởng ngay cảm gi&aacute;c rất &ldquo;Yomost!&rdquo; khi tự l&aacute;i chiếc m&ocirc; t&ocirc; nước lượn s&oacute;ng tr&ecirc;n mặt hồ tuyệt đẹp tại Suối Mơ?</div>\r\n<h3 class=\"h3-main-content\" data-v-47a251c6=\"\"><strong data-v-47a251c6=\"\">6. Massage C&aacute;</strong></h3>\r\n<div class=\"header-banner-comp\" data-v-47a251c6=\"\"><img src=\"https://res.klook.com/image/upload/fl_lossy.progressive,q_85/c_fill,w_680/v1596008123/blog/r0dlwbvly0wqzyl3mf4m.webp\" alt=\"suoi-mo-9\" data-src=\"https://res.klook.com/image/upload/fl_lossy.progressive,q_85/c_fill,w_680/v1596008123/blog/r0dlwbvly0wqzyl3mf4m.webp\" /></div>\r\n<div class=\"p-txt\" data-v-47a251c6=\"\">Massage c&aacute; l&agrave; h&igrave;nh thức ng&acirc;m ch&acirc;n trong bể c&aacute; để thư gi&atilde;n. Những ch&uacute; c&aacute; khi bị thu h&uacute;t bởi &ldquo;vật thể lạ&rdquo; l&agrave; đ&ocirc;i ch&acirc;n của bạn, sẽ chủ động v&acirc;y quanh v&agrave; rỉa da chết, vết bẩn từ ch&acirc;n. Cảm gi&aacute;c hơi nhột nhột nhưng rất k&iacute;ch th&iacute;ch nh&eacute;. Bạn n&ecirc;n ng&acirc;m ch&acirc;n trong khoảng từ 20 đến 30 ph&uacute;t để đạt được hiệu quả tốt nhất.</div>\r\n<h3 class=\"h3-main-content\" data-v-47a251c6=\"\"><strong data-v-47a251c6=\"\">7. Khu Tr&ograve; Chơi D&acirc;n Gian</strong></h3>\r\n<div class=\"header-banner-comp\" data-v-47a251c6=\"\"><img src=\"https://res.klook.com/image/upload/fl_lossy.progressive,q_85/c_fill,w_680/v1596008116/blog/xvuchsdxxrpwv93sumaa.webp\" alt=\"suoi-mo-10\" data-src=\"https://res.klook.com/image/upload/fl_lossy.progressive,q_85/c_fill,w_680/v1596008116/blog/xvuchsdxxrpwv93sumaa.webp\" /></div>\r\n<div class=\"p-txt\" data-v-47a251c6=\"\">Khu tr&ograve; chơi d&acirc;n gian l&agrave; điểm dừng ch&acirc;n y&ecirc;u th&iacute;ch của c&aacute;c b&eacute;. Với nhiều tr&ograve; chơi v&agrave; qu&agrave; tặng hấp dẫn mang đến cho du kh&aacute;ch c&aacute;c trải nghiệm th&uacute; vị kh&aacute;c nhau. Những tr&ograve; chơi c&oacute; thể lệ đơn giản c&ugrave;ng phần qu&agrave; c&oacute; gi&aacute; trị lớn l&agrave; điểm hấp dẫn của khu tr&ograve; chơi d&acirc;n gian Suối Mơ.</div>\r\n<h3 class=\"h3-main-content\" data-v-47a251c6=\"\"><strong data-v-47a251c6=\"\">8. M&aacute;ng Trượt Đa L&agrave;n</strong></h3>\r\n<div class=\"header-banner-comp\" data-v-47a251c6=\"\"><img src=\"https://res.klook.com/image/upload/fl_lossy.progressive,q_85/c_fill,w_680/v1596008112/blog/xdlv2tt0afjxazikvwr1.webp\" alt=\"suoi-mo-11\" data-src=\"https://res.klook.com/image/upload/fl_lossy.progressive,q_85/c_fill,w_680/v1596008112/blog/xdlv2tt0afjxazikvwr1.webp\" /></div>\r\n<div class=\"p-txt\" data-v-47a251c6=\"\">Ai muốn th&aacute;ch thức sự liều lĩnh v&agrave; gan dạ của bản th&acirc;n th&igrave; n&ecirc;n thử sức với M&aacute;ng trượt đa l&agrave;n. Cầu trượt được thiết kế cao 12m, c&oacute; 3 l&agrave;n trượt với nhiều m&agrave;u sắc v&agrave; cấu tạo kh&aacute;c nhau sẽ đem đến những thử th&aacute;ch từ dễ đến kh&oacute;. C&oacute; dịp đến khu du lịch Suối Mơ, bạn đừng bỏ qua tr&ograve; chơi n&agrave;y nh&eacute;.</div>\r\n<h3 class=\"h3-main-content\" data-v-47a251c6=\"\"><strong data-v-47a251c6=\"\">9. C&aacute; B&uacute; B&igrave;nh</strong></h3>\r\n<div class=\"header-banner-comp\" data-v-47a251c6=\"\"><img src=\"https://res.klook.com/image/upload/fl_lossy.progressive,q_85/c_fill,w_680/v1596008108/blog/dyrfnr6mgba3wywwfjei.webp\" alt=\"suoi-mo-12\" data-src=\"https://res.klook.com/image/upload/fl_lossy.progressive,q_85/c_fill,w_680/v1596008108/blog/dyrfnr6mgba3wywwfjei.webp\" /></div>\r\n<div class=\"p-txt\" data-v-47a251c6=\"\">Nhằm đem đến cho du kh&aacute;ch nhiều trải nghiệm mới lạ, tr&ograve; chơi C&aacute; B&uacute; &igrave;nh đ&atilde; ra đời. Nếu chưa từng tận tay cho c&aacute; ăn bằng chiếc b&igrave;nh sữa của em b&eacute;, đến với Suối . H&igrave;nh ảnh h&agrave;ng trăm c&aacute; KOI nh&ocirc; l&ecirc;n khỏi mặt nước trong hồ rộng lớn v&agrave; đua nhau ngậm n&uacute;m b&igrave;nh sữa chứa thức ăn sẽ mang đến sự th&iacute;ch th&uacute; cho mọi người.</div>\r\n<h3 class=\"h3-main-content\" data-v-47a251c6=\"\"><strong data-v-47a251c6=\"\">10. Team Building</strong></h3>\r\n<div class=\"header-banner-comp\" data-v-47a251c6=\"\"><img src=\"https://res.klook.com/image/upload/fl_lossy.progressive,q_85/c_fill,w_680/v1596008101/blog/paggvvxenuqamfs24tfl.webp\" alt=\"suoi-mo-13\" data-src=\"https://res.klook.com/image/upload/fl_lossy.progressive,q_85/c_fill,w_680/v1596008101/blog/paggvvxenuqamfs24tfl.webp\" /></div>\r\n<div class=\"p-txt\" data-v-47a251c6=\"\">Đến với Suối Mơ, ngo&agrave;i kh&aacute;m ph&aacute; v&ugrave;ng đất tươi đẹp, đắm m&igrave;nh v&agrave;o hồ nước trong vắt, bao quanh cảnh quan thi&ecirc;n nhi&ecirc;n xanh mướt, thỏa sức kh&aacute;m ph&aacute; thi&ecirc;n nhi&ecirc;n v&ocirc; tận, bạn c&ograve;n c&oacute; thể trải nghiệm c&aacute;c hoạt đồng đội si&ecirc;u vui, kh&ocirc;ng thể n&agrave;o qu&ecirc;n. C&aacute;c tr&ograve; chơi Team building gi&uacute;p đẩy cao tinh thần đồng đội, x&acirc;y dựng được sự đo&agrave;n kết cao, tạo sự gắn kết v&agrave; x&acirc;y dựng niềm tin giữa mọi người trong một tập thể.</div>\r\n<h3 class=\"h3-main-content\" data-v-47a251c6=\"\"><strong data-v-47a251c6=\"\">11. Ăn Uống Tại Khu Du Lịch Suối Mơ</strong></h3>\r\n<div class=\"header-banner-comp\" data-v-47a251c6=\"\"><img src=\"https://res.klook.com/image/upload/fl_lossy.progressive,q_85/c_fill,w_680/v1596008097/blog/giwptkjzvdztpylgz60z.webp\" alt=\"suoi-mo-14\" data-src=\"https://res.klook.com/image/upload/fl_lossy.progressive,q_85/c_fill,w_680/v1596008097/blog/giwptkjzvdztpylgz60z.webp\" /></div>\r\n<div class=\"p-txt\" data-v-47a251c6=\"\">Khu du lịch Suối Mơ kh&ocirc;ng khuyến kh&iacute;ch bạn mang thức ăn ri&ecirc;ng, v&igrave; mục đ&iacute;ch muốn đảm bảo vệ sinh chung cho khu vui chơi. Tuy nhi&ecirc;n, tại đ&acirc;y c&oacute; rất nhiều lựa chọn về ẩm thực. C&oacute; đến hai nh&agrave; h&agrave;ng l&agrave; Nh&agrave; h&agrave;ng Hoa Anh Đ&agrave;o chuy&ecirc;n phục vụ những m&oacute;n ăn d&acirc;n d&atilde;, được chế biến theo khẩu vị địa phương rất ri&ecirc;ng;&nbsp; v&agrave; nh&agrave; h&agrave;ng nổi Bar Xanh với kh&ocirc;ng gian tho&aacute;ng đ&atilde;ng, chuy&ecirc;n phục vụ c&aacute;c m&oacute;n Việt thuần t&uacute;y cũng kh&ocirc;ng l&agrave;m bạn thất vọng. Ngo&agrave;i ra, với những bạn muốn cắm trại qua đ&ecirc;m c&oacute; thể li&ecirc;n hệ trực tiếp với khu du lịch, để tham khảo thực đơn nướng BBQ v&agrave;o buổi tối nh&eacute;.</div>', '27a31d22-a5f5-4997-99b3-0affb6daaa46.png', '27a31d22-a5f5-4997-99b3-0affb6daaa46.png', 0, 'Ai bảo rằng phải lên vùng cao mới được vùng vẫy cùng nước suối trong lành? Ở Khu du lịch Suối Mơ - Đồng Nai, bạn vừa hoà mình cùng thiên nhiên tươi xanh vừa được thư giãn cùng đa dạng hoạt động vui chơi, giải trí. Cùng Klook du ngoạn đến địa điểm nổi tiếng này nhé! ', 3, 4, 0, 0, '2021-03-04 13:58:00', 19, 11),
(12, 'Bên trong địa đạo được đề nghị là Di sản Thế giới', '<div class=\"item_slide_show clearfix\">\r\n<div class=\"desc_cation\">\r\n<p class=\"Normal\">C&aacute;ch trung t&acirc;m TP HCM khoảng 70 km về hướng T&acirc;y Bắc, địa đạo Củ Chi (huyện Củ Chi) với hệ thống đường hầm d&agrave;i hơn 200 km, l&agrave; cứ địa vững chắc của Khu ủy Qu&acirc;n khu, Bộ tư lệnh S&agrave;i G&ograve;n - Gia Định, g&oacute;p phần kh&ocirc;ng nhỏ v&agrave;o c&ocirc;ng cuộc thống nhất đất nước.</p>\r\n<p class=\"Normal\">Vừa qua, UBND th&agrave;nh phố đ&atilde; c&oacute; văn bản &yacute; kiến Bộ Quốc Ph&ograve;ng về chủ trương lập hồ sơ di t&iacute;ch địa đạo Củ Chi tr&igrave;nh UNESCO ghi v&agrave;o Danh mục Di sản Thế giới.</p>\r\n<p class=\"Normal\">Theo UBND th&agrave;nh phố, địa đạo Củ Chi đ&aacute;p ứng một số ti&ecirc;u ch&iacute; c&oacute; gi&aacute; trị nổi bật to&agrave;n cầu, t&iacute;nh to&agrave;n vẹn v&agrave; t&iacute;nh x&aacute;c thực theo hướng dẫn thực hiện C&ocirc;ng ước Di sản thế giới của Tổ chức Gi&aacute;o dục, Khoa học v&agrave; Văn h&oacute;a Li&ecirc;n hợp quốc (UNESCO).</p>\r\n<p class=\"Normal\">Ng&agrave;y nay di t&iacute;ch địa đạo được bảo tồn ở hai khu vực Bến Dược (x&atilde; Ph&uacute; Mỹ Hưng) v&agrave; Bến Đ&igrave;nh (x&atilde; Nhuận Đức), thu h&uacute;t du kh&aacute;ch khi đến TP HCM. Một số đường hầm được cải tạo, mở nắp rộng hơn cho du kh&aacute;ch tham quan.</p>\r\n</div>\r\n</div>\r\n<div class=\"item_slide_show clearfix\">\r\n<div id=\"slide_show_28525490\" class=\"block_thumb_slide_show\" data-thumbnail-src=\"https://i1-vnexpress.vnecdn.net/2020/09/10/Dia-dao-Cu-Chi02-1599706809.jpg?w=220&amp;h=0&amp;q=100&amp;dpr=1&amp;fit=crop&amp;s=j0dIjtmMPwqKP6W90XZsqQ\" data-src=\"https://i1-vnexpress.vnecdn.net/2020/09/10/Dia-dao-Cu-Chi02-1599706809.jpg?w=0&amp;h=0&amp;q=100&amp;dpr=2&amp;fit=crop&amp;s=IsVw1Vi1BvTIX2QM_jgPow\" data-size-image=\"true\">\r\n<div class=\"block_thumb_picture\"><picture><source srcset=\"https://i1-vnexpress.vnecdn.net/2020/09/10/Dia-dao-Cu-Chi02-1599706809.jpg?w=1200&amp;h=0&amp;q=100&amp;dpr=1&amp;fit=crop&amp;s=FJS6ML8UJg47hTVwTo5WPA 1x, https://i1-vnexpress.vnecdn.net/2020/09/10/Dia-dao-Cu-Chi02-1599706809.jpg?w=1200&amp;h=0&amp;q=100&amp;dpr=2&amp;fit=crop&amp;s=NpU1X4Z5ID2hazcsVpDCAA 2x\" data-srcset=\"https://i1-vnexpress.vnecdn.net/2020/09/10/Dia-dao-Cu-Chi02-1599706809.jpg?w=1200&amp;h=0&amp;q=100&amp;dpr=1&amp;fit=crop&amp;s=FJS6ML8UJg47hTVwTo5WPA 1x, https://i1-vnexpress.vnecdn.net/2020/09/10/Dia-dao-Cu-Chi02-1599706809.jpg?w=1200&amp;h=0&amp;q=100&amp;dpr=2&amp;fit=crop&amp;s=NpU1X4Z5ID2hazcsVpDCAA 2x\" /><img class=\"lazy lazy-blur lazy-unblur lazied\" src=\"https://i1-vnexpress.vnecdn.net/2020/09/10/Dia-dao-Cu-Chi02-1599706809.jpg?w=1200&amp;h=0&amp;q=100&amp;dpr=1&amp;fit=crop&amp;s=FJS6ML8UJg47hTVwTo5WPA\" alt=\"\" loading=\"lazy\" data-src=\"https://i1-vnexpress.vnecdn.net/2020/09/10/Dia-dao-Cu-Chi02-1599706809.jpg?w=1200&amp;h=0&amp;q=100&amp;dpr=1&amp;fit=crop&amp;s=FJS6ML8UJg47hTVwTo5WPA\" data-ll-status=\"loaded\" /></picture></div>\r\n</div>\r\n<div class=\"desc_cation\">\r\n<p class=\"Normal\">Trong địa đạo rất hẹp, chỉ cho một người đi v&agrave; phải c&uacute;i s&aacute;t mặt đất mới di chuyển được. Ng&agrave;y nay, những đoạn hầm cho kh&aacute;ch tham quan đều được lắp đ&egrave;n.</p>\r\n<p class=\"Normal\">Hệ thống địa đạo được đ&agrave;o từ năm 1946 v&agrave; diễn ra trong suốt hơn 20 năm. Địa đạo đ&agrave;o tr&ecirc;n một khu vực đất s&eacute;t pha đ&aacute; ong n&ecirc;n c&oacute; độ bền cao, &iacute;t bị sụt lở. Những đường hầm, căn cứ ngầm s&acirc;u dưới l&ograve;ng đất từ 3 đến 12 m; gồm 3 tầng c&oacute; thể chịu được sức c&ocirc;ng ph&aacute; của nhiều loại bom hạng nặng.</p>\r\n</div>\r\n</div>\r\n<div class=\"item_slide_show clearfix\">\r\n<div id=\"slide_show_28525491\" class=\"block_thumb_slide_show\" data-thumbnail-src=\"https://i1-vnexpress.vnecdn.net/2020/09/10/Dia-dao-Cu-Chi03-1599706811.jpg?w=220&amp;h=0&amp;q=100&amp;dpr=1&amp;fit=crop&amp;s=GVyWslf-lq06H_FXYD43sA\" data-src=\"https://i1-vnexpress.vnecdn.net/2020/09/10/Dia-dao-Cu-Chi03-1599706811.jpg?w=0&amp;h=0&amp;q=100&amp;dpr=2&amp;fit=crop&amp;s=tN4n3DKhGuvmGuYVz5C5Qg\" data-size-image=\"true\">\r\n<div class=\"block_thumb_picture\"><picture><source srcset=\"https://i1-vnexpress.vnecdn.net/2020/09/10/Dia-dao-Cu-Chi03-1599706811.jpg?w=1200&amp;h=0&amp;q=100&amp;dpr=1&amp;fit=crop&amp;s=2V-Gs-Zt9smEdkbkr0PLzw 1x, https://i1-vnexpress.vnecdn.net/2020/09/10/Dia-dao-Cu-Chi03-1599706811.jpg?w=1200&amp;h=0&amp;q=100&amp;dpr=2&amp;fit=crop&amp;s=VlXO_EGXnoo40DCworS_CQ 2x\" data-srcset=\"https://i1-vnexpress.vnecdn.net/2020/09/10/Dia-dao-Cu-Chi03-1599706811.jpg?w=1200&amp;h=0&amp;q=100&amp;dpr=1&amp;fit=crop&amp;s=2V-Gs-Zt9smEdkbkr0PLzw 1x, https://i1-vnexpress.vnecdn.net/2020/09/10/Dia-dao-Cu-Chi03-1599706811.jpg?w=1200&amp;h=0&amp;q=100&amp;dpr=2&amp;fit=crop&amp;s=VlXO_EGXnoo40DCworS_CQ 2x\" /><img class=\"lazy lazy-blur lazy-unblur lazied\" src=\"https://i1-vnexpress.vnecdn.net/2020/09/10/Dia-dao-Cu-Chi03-1599706811.jpg?w=1200&amp;h=0&amp;q=100&amp;dpr=1&amp;fit=crop&amp;s=2V-Gs-Zt9smEdkbkr0PLzw\" alt=\"\" loading=\"lazy\" data-src=\"https://i1-vnexpress.vnecdn.net/2020/09/10/Dia-dao-Cu-Chi03-1599706811.jpg?w=1200&amp;h=0&amp;q=100&amp;dpr=1&amp;fit=crop&amp;s=2V-Gs-Zt9smEdkbkr0PLzw\" data-ll-status=\"loaded\" /></picture></div>\r\n</div>\r\n<div class=\"desc_cation\">\r\n<p class=\"Normal\">C&aacute;c đường hầm theo h&igrave;nh xương sống tỏa ra nh&aacute;nh d&agrave;i, nh&aacute;nh ngắn ăn th&ocirc;ng nhau, c&oacute; nh&aacute;nh trổ ra tận s&ocirc;ng S&agrave;i G&ograve;n. Trong chiến tranh, đối phương li&ecirc;n tục tấn c&ocirc;ng v&agrave;o địa đạo bằng đủ phương tiện: bom, bơm nước, hơi ngạt... nhưng do hệ thống được thiết kế c&oacute; thể c&ocirc; lập từng phần n&ecirc;n bị hư hại kh&ocirc;ng nhiều.</p>\r\n</div>\r\n</div>\r\n<div class=\"item_slide_show clearfix\">\r\n<div id=\"slide_show_28525492\" class=\"block_thumb_slide_show\" data-thumbnail-src=\"https://i1-vnexpress.vnecdn.net/2020/09/10/Dia-dao-Cu-Chi04-1599706812.jpg?w=220&amp;h=0&amp;q=100&amp;dpr=1&amp;fit=crop&amp;s=B1DVEeCv_pcxo4osjWBdOQ\" data-src=\"https://i1-vnexpress.vnecdn.net/2020/09/10/Dia-dao-Cu-Chi04-1599706812.jpg?w=0&amp;h=0&amp;q=100&amp;dpr=2&amp;fit=crop&amp;s=HNygvBmLl38s711r73j6hw\" data-size-image=\"true\">\r\n<div class=\"block_thumb_picture\"><picture><source srcset=\"https://i1-vnexpress.vnecdn.net/2020/09/10/Dia-dao-Cu-Chi04-1599706812.jpg?w=1200&amp;h=0&amp;q=100&amp;dpr=1&amp;fit=crop&amp;s=-jHBbmydmclroW7macmNHg 1x, https://i1-vnexpress.vnecdn.net/2020/09/10/Dia-dao-Cu-Chi04-1599706812.jpg?w=1200&amp;h=0&amp;q=100&amp;dpr=2&amp;fit=crop&amp;s=QGtIbLYXig0F29PXt9vLJw 2x\" data-srcset=\"https://i1-vnexpress.vnecdn.net/2020/09/10/Dia-dao-Cu-Chi04-1599706812.jpg?w=1200&amp;h=0&amp;q=100&amp;dpr=1&amp;fit=crop&amp;s=-jHBbmydmclroW7macmNHg 1x, https://i1-vnexpress.vnecdn.net/2020/09/10/Dia-dao-Cu-Chi04-1599706812.jpg?w=1200&amp;h=0&amp;q=100&amp;dpr=2&amp;fit=crop&amp;s=QGtIbLYXig0F29PXt9vLJw 2x\" /><img class=\"lazy lazied\" src=\"https://i1-vnexpress.vnecdn.net/2020/09/10/Dia-dao-Cu-Chi04-1599706812.jpg?w=1200&amp;h=0&amp;q=100&amp;dpr=1&amp;fit=crop&amp;s=-jHBbmydmclroW7macmNHg\" alt=\"\" loading=\"lazy\" data-src=\"https://i1-vnexpress.vnecdn.net/2020/09/10/Dia-dao-Cu-Chi04-1599706812.jpg?w=1200&amp;h=0&amp;q=100&amp;dpr=1&amp;fit=crop&amp;s=-jHBbmydmclroW7macmNHg\" data-ll-status=\"loaded\" /></picture></div>\r\n</div>\r\n<div class=\"desc_cation\">\r\n<p class=\"Normal\">Giếng nước s&acirc;u khoảng 10 m được đ&agrave;o b&ecirc;n trong hệ thống địa đạo.</p>\r\n</div>\r\n</div>\r\n<div class=\"item_slide_show clearfix\">\r\n<div id=\"slide_show_28525493\" class=\"block_thumb_slide_show\" data-thumbnail-src=\"https://i1-vnexpress.vnecdn.net/2020/09/10/Dia-dao-Cu-Chi05-1599706814.jpg?w=220&amp;h=0&amp;q=100&amp;dpr=1&amp;fit=crop&amp;s=TvAJCOq4tVC9dEFcuzToVg\" data-src=\"https://i1-vnexpress.vnecdn.net/2020/09/10/Dia-dao-Cu-Chi05-1599706814.jpg?w=0&amp;h=0&amp;q=100&amp;dpr=2&amp;fit=crop&amp;s=t7hNlvg94a418mocgz4ScQ\" data-size-image=\"true\">\r\n<div class=\"block_thumb_picture\"><picture><source srcset=\"https://i1-vnexpress.vnecdn.net/2020/09/10/Dia-dao-Cu-Chi05-1599706814.jpg?w=1200&amp;h=0&amp;q=100&amp;dpr=1&amp;fit=crop&amp;s=EGHhgrz94WTmztisqnEZdw 1x, https://i1-vnexpress.vnecdn.net/2020/09/10/Dia-dao-Cu-Chi05-1599706814.jpg?w=1200&amp;h=0&amp;q=100&amp;dpr=2&amp;fit=crop&amp;s=JW7GoD68iazCgch6rrGYAw 2x\" data-srcset=\"https://i1-vnexpress.vnecdn.net/2020/09/10/Dia-dao-Cu-Chi05-1599706814.jpg?w=1200&amp;h=0&amp;q=100&amp;dpr=1&amp;fit=crop&amp;s=EGHhgrz94WTmztisqnEZdw 1x, https://i1-vnexpress.vnecdn.net/2020/09/10/Dia-dao-Cu-Chi05-1599706814.jpg?w=1200&amp;h=0&amp;q=100&amp;dpr=2&amp;fit=crop&amp;s=JW7GoD68iazCgch6rrGYAw 2x\" /><img class=\"lazy lazied\" src=\"https://i1-vnexpress.vnecdn.net/2020/09/10/Dia-dao-Cu-Chi05-1599706814.jpg?w=1200&amp;h=0&amp;q=100&amp;dpr=1&amp;fit=crop&amp;s=EGHhgrz94WTmztisqnEZdw\" alt=\"\" loading=\"lazy\" data-src=\"https://i1-vnexpress.vnecdn.net/2020/09/10/Dia-dao-Cu-Chi05-1599706814.jpg?w=1200&amp;h=0&amp;q=100&amp;dpr=1&amp;fit=crop&amp;s=EGHhgrz94WTmztisqnEZdw\" data-ll-status=\"loaded\" /></picture></div>\r\n</div>\r\n<div class=\"desc_cation\">\r\n<p class=\"Normal\">Nhiều đoạn hầm rất nhỏ, chỉ c&oacute; thể di chuyển bằng c&aacute;ch nằm trườn người chui v&agrave;o trong.</p>\r\n</div>\r\n</div>\r\n<div class=\"item_slide_show clearfix\">\r\n<div id=\"slide_show_28525494\" class=\"block_thumb_slide_show\" data-thumbnail-src=\"https://i1-vnexpress.vnecdn.net/2020/09/10/Dia-dao-Cu-Chi06-1599706819.jpg?w=220&amp;h=0&amp;q=100&amp;dpr=1&amp;fit=crop&amp;s=ZvVCVXFSXUNKHYYpV5d2ZA\" data-src=\"https://i1-vnexpress.vnecdn.net/2020/09/10/Dia-dao-Cu-Chi06-1599706819.jpg?w=0&amp;h=0&amp;q=100&amp;dpr=2&amp;fit=crop&amp;s=mSttbOlAORWYB-gs5EB_cQ\" data-size-image=\"true\">\r\n<div class=\"block_thumb_picture\"><picture><source srcset=\"https://i1-vnexpress.vnecdn.net/2020/09/10/Dia-dao-Cu-Chi06-1599706819.jpg?w=1200&amp;h=0&amp;q=100&amp;dpr=1&amp;fit=crop&amp;s=_MYWXWvQxdoARwTKapt9bw 1x, https://i1-vnexpress.vnecdn.net/2020/09/10/Dia-dao-Cu-Chi06-1599706819.jpg?w=1200&amp;h=0&amp;q=100&amp;dpr=2&amp;fit=crop&amp;s=_BFxGFaJvOIx8C80g9NinQ 2x\" data-srcset=\"https://i1-vnexpress.vnecdn.net/2020/09/10/Dia-dao-Cu-Chi06-1599706819.jpg?w=1200&amp;h=0&amp;q=100&amp;dpr=1&amp;fit=crop&amp;s=_MYWXWvQxdoARwTKapt9bw 1x, https://i1-vnexpress.vnecdn.net/2020/09/10/Dia-dao-Cu-Chi06-1599706819.jpg?w=1200&amp;h=0&amp;q=100&amp;dpr=2&amp;fit=crop&amp;s=_BFxGFaJvOIx8C80g9NinQ 2x\" /><img class=\"lazy lazied\" src=\"https://i1-vnexpress.vnecdn.net/2020/09/10/Dia-dao-Cu-Chi06-1599706819.jpg?w=1200&amp;h=0&amp;q=100&amp;dpr=1&amp;fit=crop&amp;s=_MYWXWvQxdoARwTKapt9bw\" alt=\"\" loading=\"lazy\" data-src=\"https://i1-vnexpress.vnecdn.net/2020/09/10/Dia-dao-Cu-Chi06-1599706819.jpg?w=1200&amp;h=0&amp;q=100&amp;dpr=1&amp;fit=crop&amp;s=_MYWXWvQxdoARwTKapt9bw\" data-ll-status=\"loaded\" /></picture></div>\r\n</div>\r\n<div class=\"desc_cation\">\r\n<p class=\"Normal\">Lối v&agrave;o v&agrave; tho&aacute;t thực tế của c&aacute;c chiến sĩ ở địa đạo rất nhỏ, chỉ ph&ugrave; hợp với thể trạng của người Việt Nam. Khi nắp hầm đ&oacute;ng lại được ngụy trang bằng l&aacute; kh&ocirc;, đất c&aacute;t...</p>\r\n</div>\r\n</div>\r\n<div class=\"item_slide_show clearfix\">\r\n<div id=\"slide_show_28525495\" class=\"block_thumb_slide_show\" data-thumbnail-src=\"https://i1-vnexpress.vnecdn.net/2020/09/10/Dia-dao-Cu-Chi07-1599706825.jpg?w=220&amp;h=0&amp;q=100&amp;dpr=1&amp;fit=crop&amp;s=0qEnxgMbfF-2zBOCOckMLw\" data-src=\"https://i1-vnexpress.vnecdn.net/2020/09/10/Dia-dao-Cu-Chi07-1599706825.jpg?w=0&amp;h=0&amp;q=100&amp;dpr=2&amp;fit=crop&amp;s=0oLBGBof8NZHSiyIOn0R-Q\" data-size-image=\"true\">\r\n<div class=\"block_thumb_picture\"><picture><source srcset=\"https://i1-vnexpress.vnecdn.net/2020/09/10/Dia-dao-Cu-Chi07-1599706825.jpg?w=1200&amp;h=0&amp;q=100&amp;dpr=1&amp;fit=crop&amp;s=UQufpaKFYkAUYAmTBTiJsw 1x, https://i1-vnexpress.vnecdn.net/2020/09/10/Dia-dao-Cu-Chi07-1599706825.jpg?w=1200&amp;h=0&amp;q=100&amp;dpr=2&amp;fit=crop&amp;s=QlBjptgkT3gy03Q9PdLsPA 2x\" data-srcset=\"https://i1-vnexpress.vnecdn.net/2020/09/10/Dia-dao-Cu-Chi07-1599706825.jpg?w=1200&amp;h=0&amp;q=100&amp;dpr=1&amp;fit=crop&amp;s=UQufpaKFYkAUYAmTBTiJsw 1x, https://i1-vnexpress.vnecdn.net/2020/09/10/Dia-dao-Cu-Chi07-1599706825.jpg?w=1200&amp;h=0&amp;q=100&amp;dpr=2&amp;fit=crop&amp;s=QlBjptgkT3gy03Q9PdLsPA 2x\" /><img class=\"lazy lazied\" src=\"https://i1-vnexpress.vnecdn.net/2020/09/10/Dia-dao-Cu-Chi07-1599706825.jpg?w=1200&amp;h=0&amp;q=100&amp;dpr=1&amp;fit=crop&amp;s=UQufpaKFYkAUYAmTBTiJsw\" alt=\"\" loading=\"lazy\" data-src=\"https://i1-vnexpress.vnecdn.net/2020/09/10/Dia-dao-Cu-Chi07-1599706825.jpg?w=1200&amp;h=0&amp;q=100&amp;dpr=1&amp;fit=crop&amp;s=UQufpaKFYkAUYAmTBTiJsw\" data-ll-status=\"loaded\" /></picture></div>\r\n</div>\r\n<div class=\"desc_cation\">\r\n<p class=\"Normal\">Kh&ocirc;ng kh&iacute; được lấy v&agrave;o địa đạo th&ocirc;ng qua c&aacute;c lỗ th&ocirc;ng hơi. Dọc theo đ&oacute;, cứ khoảng 10 - 15 m đều c&oacute; kho&eacute;t những lỗ th&ocirc;ng hơi v&agrave; th&ocirc;ng gi&oacute; b&iacute; mật l&ecirc;n tr&ecirc;n mặt đất, ngụy trang giống như ụ mối đ&ugrave;n.</p>\r\n</div>\r\n</div>\r\n<div class=\"item_slide_show clearfix\">\r\n<div id=\"slide_show_28525496\" class=\"block_thumb_slide_show\" data-thumbnail-src=\"https://i1-vnexpress.vnecdn.net/2020/09/10/Dia-dao-Cu-Chi08-1599706829.jpg?w=220&amp;h=0&amp;q=100&amp;dpr=1&amp;fit=crop&amp;s=9G14TzJ-gPBosE9CLTfZrg\" data-src=\"https://i1-vnexpress.vnecdn.net/2020/09/10/Dia-dao-Cu-Chi08-1599706829.jpg?w=0&amp;h=0&amp;q=100&amp;dpr=2&amp;fit=crop&amp;s=zAtKjS0r4BYvZtRwXfEJMQ\" data-size-image=\"true\">\r\n<div class=\"block_thumb_picture\"><picture><source srcset=\"https://i1-vnexpress.vnecdn.net/2020/09/10/Dia-dao-Cu-Chi08-1599706829.jpg?w=1200&amp;h=0&amp;q=100&amp;dpr=1&amp;fit=crop&amp;s=aUss4JNyFhisV9lYiNvkHA 1x, https://i1-vnexpress.vnecdn.net/2020/09/10/Dia-dao-Cu-Chi08-1599706829.jpg?w=1200&amp;h=0&amp;q=100&amp;dpr=2&amp;fit=crop&amp;s=sNDQZwwxXa1MAyaglUmUIA 2x\" data-srcset=\"https://i1-vnexpress.vnecdn.net/2020/09/10/Dia-dao-Cu-Chi08-1599706829.jpg?w=1200&amp;h=0&amp;q=100&amp;dpr=1&amp;fit=crop&amp;s=aUss4JNyFhisV9lYiNvkHA 1x, https://i1-vnexpress.vnecdn.net/2020/09/10/Dia-dao-Cu-Chi08-1599706829.jpg?w=1200&amp;h=0&amp;q=100&amp;dpr=2&amp;fit=crop&amp;s=sNDQZwwxXa1MAyaglUmUIA 2x\" /><img class=\"lazy lazied\" src=\"https://i1-vnexpress.vnecdn.net/2020/09/10/Dia-dao-Cu-Chi08-1599706829.jpg?w=1200&amp;h=0&amp;q=100&amp;dpr=1&amp;fit=crop&amp;s=aUss4JNyFhisV9lYiNvkHA\" alt=\"\" loading=\"lazy\" data-src=\"https://i1-vnexpress.vnecdn.net/2020/09/10/Dia-dao-Cu-Chi08-1599706829.jpg?w=1200&amp;h=0&amp;q=100&amp;dpr=1&amp;fit=crop&amp;s=aUss4JNyFhisV9lYiNvkHA\" data-ll-status=\"loaded\" /></picture></div>\r\n</div>\r\n<div class=\"desc_cation\">\r\n<p class=\"Normal\">C&aacute;c đường dẫn đến những tầng c&oacute; hầm ở v&agrave; l&agrave;m việc của l&atilde;nh đạo, hầm y tế, ăn uống, chứa lương thực v&agrave; vũ kh&iacute;, ổ chiến đấu, giếng nước, bếp, c&ocirc;ng binh xưởng, nh&agrave; may qu&acirc;n trang...</p>\r\n<p class=\"Normal\">Ng&agrave;y nay, một số hầm được mở lớp đất ph&iacute;a tr&ecirc;n, lợp m&aacute;i, b&ecirc;n trong phục dựng m&ocirc; h&igrave;nh để du kh&aacute;ch dễ h&igrave;nh dung về cuộc sống dưới hầm trong thời chiến.</p>\r\n</div>\r\n</div>\r\n<div class=\"item_slide_show clearfix\">\r\n<div id=\"slide_show_28525497\" class=\"block_thumb_slide_show\" data-thumbnail-src=\"https://i1-vnexpress.vnecdn.net/2020/09/10/Dia-dao-Cu-Chi09-1599706832.jpg?w=220&amp;h=0&amp;q=100&amp;dpr=1&amp;fit=crop&amp;s=SvpB71ah0be_aJVSqoXHJw\" data-src=\"https://i1-vnexpress.vnecdn.net/2020/09/10/Dia-dao-Cu-Chi09-1599706832.jpg?w=0&amp;h=0&amp;q=100&amp;dpr=2&amp;fit=crop&amp;s=e6lEM4GfUIdHa0szu9gY8g\" data-size-image=\"true\">\r\n<div class=\"block_thumb_picture\"><picture><source srcset=\"https://i1-vnexpress.vnecdn.net/2020/09/10/Dia-dao-Cu-Chi09-1599706832.jpg?w=1200&amp;h=0&amp;q=100&amp;dpr=1&amp;fit=crop&amp;s=tQtwTaR29Khymj-jXnfiZg 1x, https://i1-vnexpress.vnecdn.net/2020/09/10/Dia-dao-Cu-Chi09-1599706832.jpg?w=1200&amp;h=0&amp;q=100&amp;dpr=2&amp;fit=crop&amp;s=IO2F_zpcvMxyS3-tqRyOWA 2x\" data-srcset=\"https://i1-vnexpress.vnecdn.net/2020/09/10/Dia-dao-Cu-Chi09-1599706832.jpg?w=1200&amp;h=0&amp;q=100&amp;dpr=1&amp;fit=crop&amp;s=tQtwTaR29Khymj-jXnfiZg 1x, https://i1-vnexpress.vnecdn.net/2020/09/10/Dia-dao-Cu-Chi09-1599706832.jpg?w=1200&amp;h=0&amp;q=100&amp;dpr=2&amp;fit=crop&amp;s=IO2F_zpcvMxyS3-tqRyOWA 2x\" /><img class=\"lazy lazied\" src=\"https://i1-vnexpress.vnecdn.net/2020/09/10/Dia-dao-Cu-Chi09-1599706832.jpg?w=1200&amp;h=0&amp;q=100&amp;dpr=1&amp;fit=crop&amp;s=tQtwTaR29Khymj-jXnfiZg\" alt=\"\" loading=\"lazy\" data-src=\"https://i1-vnexpress.vnecdn.net/2020/09/10/Dia-dao-Cu-Chi09-1599706832.jpg?w=1200&amp;h=0&amp;q=100&amp;dpr=1&amp;fit=crop&amp;s=tQtwTaR29Khymj-jXnfiZg\" data-ll-status=\"loaded\" /></picture></div>\r\n</div>\r\n<div class=\"desc_cation\">\r\n<p class=\"Normal\">Bếp d&atilde; chiến Ho&agrave;ng Cầm mang t&ecirc;n người s&aacute;ng tạo ra, được sử dụng phổ biến trong địa đạo. Loại bếp n&agrave;y c&oacute; c&ocirc;ng dụng l&agrave;m tan lo&atilde;ng kh&oacute;i tỏa ra khi nấu ăn nhằm tr&aacute;nh bị m&aacute;y bay ph&aacute;t hiện từ tr&ecirc;n cao. Xung quanh bếp đều c&oacute; những hầm nhỏ dẫn đến c&aacute;c căn cứ ngầm kh&aacute;c.</p>\r\n</div>\r\n</div>\r\n<div class=\"item_slide_show clearfix\">\r\n<div id=\"slide_show_28525498\" class=\"block_thumb_slide_show\" data-thumbnail-src=\"https://i1-vnexpress.vnecdn.net/2020/09/10/Dia-dao-Cu-Chi10-1599706834.jpg?w=220&amp;h=0&amp;q=100&amp;dpr=1&amp;fit=crop&amp;s=EHCQN6cFveRWXO_o1YL1uw\" data-src=\"https://i1-vnexpress.vnecdn.net/2020/09/10/Dia-dao-Cu-Chi10-1599706834.jpg?w=0&amp;h=0&amp;q=100&amp;dpr=2&amp;fit=crop&amp;s=NAS8L64cy57ikEbuRfVvHg\" data-size-image=\"true\">\r\n<div class=\"block_thumb_picture\"><picture><source srcset=\"https://i1-vnexpress.vnecdn.net/2020/09/10/Dia-dao-Cu-Chi10-1599706834.jpg?w=1200&amp;h=0&amp;q=100&amp;dpr=1&amp;fit=crop&amp;s=cX3FOSuBJD5TROBEkGShYQ 1x, https://i1-vnexpress.vnecdn.net/2020/09/10/Dia-dao-Cu-Chi10-1599706834.jpg?w=1200&amp;h=0&amp;q=100&amp;dpr=2&amp;fit=crop&amp;s=9FgL4sl2wjvcHZiczVfsOQ 2x\" data-srcset=\"https://i1-vnexpress.vnecdn.net/2020/09/10/Dia-dao-Cu-Chi10-1599706834.jpg?w=1200&amp;h=0&amp;q=100&amp;dpr=1&amp;fit=crop&amp;s=cX3FOSuBJD5TROBEkGShYQ 1x, https://i1-vnexpress.vnecdn.net/2020/09/10/Dia-dao-Cu-Chi10-1599706834.jpg?w=1200&amp;h=0&amp;q=100&amp;dpr=2&amp;fit=crop&amp;s=9FgL4sl2wjvcHZiczVfsOQ 2x\" /><img class=\"lazy lazied\" src=\"https://i1-vnexpress.vnecdn.net/2020/09/10/Dia-dao-Cu-Chi10-1599706834.jpg?w=1200&amp;h=0&amp;q=100&amp;dpr=1&amp;fit=crop&amp;s=cX3FOSuBJD5TROBEkGShYQ\" alt=\"\" loading=\"lazy\" data-src=\"https://i1-vnexpress.vnecdn.net/2020/09/10/Dia-dao-Cu-Chi10-1599706834.jpg?w=1200&amp;h=0&amp;q=100&amp;dpr=1&amp;fit=crop&amp;s=cX3FOSuBJD5TROBEkGShYQ\" data-ll-status=\"loaded\" /></picture></div>\r\n</div>\r\n<div class=\"desc_cation\">\r\n<p class=\"Normal\">Khu hầm xưởng c&ocirc;ng binh với m&ocirc; h&igrave;nh c&aacute;c chiến sĩ đang l&agrave;m vũ kh&iacute;, qu&acirc;n trang, qu&acirc;n dụng, đồ d&ugrave;ng sinh hoạt... từ c&aacute;c mảnh bom đạn, lốp xe... thu giữ của đối phương.</p>\r\n</div>\r\n</div>\r\n<div class=\"item_slide_show clearfix\">\r\n<div id=\"slide_show_28525499\" class=\"block_thumb_slide_show\" data-thumbnail-src=\"https://i1-vnexpress.vnecdn.net/2020/09/10/Dia-dao-Cu-Chi11-1599706837.jpg?w=220&amp;h=0&amp;q=100&amp;dpr=1&amp;fit=crop&amp;s=dJyjXUn-E7Hqz2C6S2B3AA\" data-src=\"https://i1-vnexpress.vnecdn.net/2020/09/10/Dia-dao-Cu-Chi11-1599706837.jpg?w=0&amp;h=0&amp;q=100&amp;dpr=2&amp;fit=crop&amp;s=aGVWMThGPAsAnqqOnBfotw\" data-size-image=\"true\">\r\n<div class=\"block_thumb_picture\"><picture><source srcset=\"https://i1-vnexpress.vnecdn.net/2020/09/10/Dia-dao-Cu-Chi11-1599706837.jpg?w=1200&amp;h=0&amp;q=100&amp;dpr=1&amp;fit=crop&amp;s=L04fCos65hLYoKT6nHmPUQ 1x, https://i1-vnexpress.vnecdn.net/2020/09/10/Dia-dao-Cu-Chi11-1599706837.jpg?w=1200&amp;h=0&amp;q=100&amp;dpr=2&amp;fit=crop&amp;s=_yLXnLhbyTngbX-ETUyJ3g 2x\" data-srcset=\"https://i1-vnexpress.vnecdn.net/2020/09/10/Dia-dao-Cu-Chi11-1599706837.jpg?w=1200&amp;h=0&amp;q=100&amp;dpr=1&amp;fit=crop&amp;s=L04fCos65hLYoKT6nHmPUQ 1x, https://i1-vnexpress.vnecdn.net/2020/09/10/Dia-dao-Cu-Chi11-1599706837.jpg?w=1200&amp;h=0&amp;q=100&amp;dpr=2&amp;fit=crop&amp;s=_yLXnLhbyTngbX-ETUyJ3g 2x\" /><img class=\"lazy lazied\" src=\"https://i1-vnexpress.vnecdn.net/2020/09/10/Dia-dao-Cu-Chi11-1599706837.jpg?w=1200&amp;h=0&amp;q=100&amp;dpr=1&amp;fit=crop&amp;s=L04fCos65hLYoKT6nHmPUQ\" alt=\"\" loading=\"lazy\" data-src=\"https://i1-vnexpress.vnecdn.net/2020/09/10/Dia-dao-Cu-Chi11-1599706837.jpg?w=1200&amp;h=0&amp;q=100&amp;dpr=1&amp;fit=crop&amp;s=L04fCos65hLYoKT6nHmPUQ\" data-ll-status=\"loaded\" /></picture></div>\r\n</div>\r\n<div class=\"desc_cation\">\r\n<p class=\"Normal\">M&ocirc; h&igrave;nh địa đạo Củ Chi được trưng b&agrave;y để kh&aacute;ch tham quan dễ h&igrave;nh dung.</p>\r\n</div>\r\n</div>\r\n<div class=\"item_slide_show clearfix\">\r\n<div id=\"slide_show_28525500\" class=\"block_thumb_slide_show\" data-thumbnail-src=\"https://i1-vnexpress.vnecdn.net/2020/09/10/Dia-dao-Cu-Chi12-1599706842.jpg?w=220&amp;h=0&amp;q=100&amp;dpr=1&amp;fit=crop&amp;s=epYbECKKF9EtULnIuNhrvQ\" data-src=\"https://i1-vnexpress.vnecdn.net/2020/09/10/Dia-dao-Cu-Chi12-1599706842.jpg?w=0&amp;h=0&amp;q=100&amp;dpr=2&amp;fit=crop&amp;s=Pjg-EHn7NEbQKholwp5TZA\" data-size-image=\"true\">\r\n<div class=\"block_thumb_picture\"><picture><source srcset=\"https://i1-vnexpress.vnecdn.net/2020/09/10/Dia-dao-Cu-Chi12-1599706842.jpg?w=1200&amp;h=0&amp;q=100&amp;dpr=1&amp;fit=crop&amp;s=5tFwzCfEuzz-H2mjU059Hg 1x, https://i1-vnexpress.vnecdn.net/2020/09/10/Dia-dao-Cu-Chi12-1599706842.jpg?w=1200&amp;h=0&amp;q=100&amp;dpr=2&amp;fit=crop&amp;s=G7aSZmHFwlZKcuilGnwA1g 2x\" data-srcset=\"https://i1-vnexpress.vnecdn.net/2020/09/10/Dia-dao-Cu-Chi12-1599706842.jpg?w=1200&amp;h=0&amp;q=100&amp;dpr=1&amp;fit=crop&amp;s=5tFwzCfEuzz-H2mjU059Hg 1x, https://i1-vnexpress.vnecdn.net/2020/09/10/Dia-dao-Cu-Chi12-1599706842.jpg?w=1200&amp;h=0&amp;q=100&amp;dpr=2&amp;fit=crop&amp;s=G7aSZmHFwlZKcuilGnwA1g 2x\" /><img class=\"lazy lazied\" src=\"https://i1-vnexpress.vnecdn.net/2020/09/10/Dia-dao-Cu-Chi12-1599706842.jpg?w=1200&amp;h=0&amp;q=100&amp;dpr=1&amp;fit=crop&amp;s=5tFwzCfEuzz-H2mjU059Hg\" alt=\"\" loading=\"lazy\" data-src=\"https://i1-vnexpress.vnecdn.net/2020/09/10/Dia-dao-Cu-Chi12-1599706842.jpg?w=1200&amp;h=0&amp;q=100&amp;dpr=1&amp;fit=crop&amp;s=5tFwzCfEuzz-H2mjU059Hg\" data-ll-status=\"loaded\" /></picture></div>\r\n</div>\r\n<div class=\"desc_cation\">\r\n<p class=\"Normal\">Trong khu địa đạo c&ograve;n trưng b&agrave;y nhiều m&aacute;y bay, xe tăng, vũ kh&iacute;, bom đạn... từng được sử dụng trong chiến tranh. Ở khu Bến Dược c&oacute; đền tưởng niệm liệt sĩ, khu t&aacute;i hiện giải ph&oacute;ng v&agrave; một số tr&ograve; chơi như bơi, bắn s&uacute;ng sơn, ch&egrave;o thuyền...</p>\r\n<p class=\"Normal\">Địa đạo Củ Chi thu h&uacute;t kh&aacute;ch tham quan đ&ocirc;ng nhất l&agrave; v&agrave;o dịp cuối tuần, ng&agrave;y lễ Tết. Gi&aacute; v&eacute; v&agrave;o 60.000 đồng một người để tham quan to&agrave;n bộ địa đạo, mỗi khu vực đều c&oacute; hướng dẫn vi&ecirc;n.</p>\r\n</div>\r\n</div>', 'c472bfe9-b35f-4061-a677-4ef065c669da.png', 'c472bfe9-b35f-4061-a677-4ef065c669da.png', 0, 'Địa đạo Củ Chi với hệ thống hầm chằng chịt, dài hơn 200 km sẽ được đệ trình lên UNESCO ghi vào Danh mục Di sản Thế giới.', 3, 4, 0, 0, '2021-03-14 00:18:40', 21, 1);

-- --------------------------------------------------------

--
-- Cấu trúc bảng cho bảng `article_tag`
--

CREATE TABLE `article_tag` (
  `IDArticle` int(11) NOT NULL,
  `IDTag` int(11) NOT NULL
) ENGINE=InnoDB DEFAULT CHARSET=utf8mb4;

--
-- Đang đổ dữ liệu cho bảng `article_tag`
--

INSERT INTO `article_tag` (`IDArticle`, `IDTag`) VALUES
(4, 3),
(5, 3),
(6, 4),
(6, 5),
(6, 6),
(7, 7),
(7, 8),
(8, 7),
(8, 8),
(9, 9),
(10, 10),
(11, 10),
(12, 2);

-- --------------------------------------------------------

--
-- Cấu trúc bảng cho bảng `cate`
--

CREATE TABLE `cate` (
  `IDCategory` int(11) NOT NULL,
  `CategoryName` varchar(100) CHARACTER SET utf8 COLLATE utf8_unicode_ci NOT NULL,
  `Status` int(11) NOT NULL DEFAULT 1,
  `avt` varchar(100) DEFAULT NULL
) ENGINE=InnoDB DEFAULT CHARSET=armscii8;

--
-- Đang đổ dữ liệu cho bảng `cate`
--

INSERT INTO `cate` (`IDCategory`, `CategoryName`, `Status`, `avt`) VALUES
(1, 'An Giang', 1, ''),
(2, 'Bà Rịa - Vũng Tàu\r\n', 1, ''),
(3, 'Bạc Liêu', 1, ''),
(4, 'Bắc Giang', 1, ''),
(5, 'Bắc Kạn', 1, ''),
(6, 'Bắc Ninh', 1, ''),
(7, 'Bến Tre', 1, ''),
(8, 'Bình Dương', 1, ''),
(9, 'Bình Định', 1, ''),
(10, 'Bình Phước', 1, ''),
(11, 'Bình Thuận', 1, ''),
(12, 'Cà Mau', 1, ''),
(13, 'Cao Bằng', 1, ''),
(14, 'Cần Thơ', 1, ''),
(15, 'Đà Nẵng', 1, ''),
(16, 'Đắk Lắk', 1, ''),
(17, 'Đắk Nông', 1, ''),
(18, 'Điện Biên', 1, ''),
(19, 'Đồng Nai', 1, ''),
(20, 'Đồng Tháp', 1, ''),
(21, 'Gia Lai', 1, ''),
(22, 'Hà Giang', 1, ''),
(23, 'Hà Nam', 1, ''),
(24, 'Hà Nội', 1, ''),
(25, 'Hà Tĩnh', 1, ''),
(26, 'Hải Dương', 1, ''),
(27, 'Hải Phòng', 1, ''),
(28, 'Hậu Giang', 1, ''),
(29, 'Hòa Bình', 1, ''),
(30, 'Thành phố Hồ Chí Minh', 1, ''),
(31, 'Hưng Yên', 1, ''),
(32, 'Khánh Hòa', 1, ''),
(33, 'Kiên Giang', 1, ''),
(34, 'Kon Tum', 1, ''),
(35, 'Lai Châu', 1, ''),
(36, 'Lạng Sơn', 1, ''),
(37, 'Lào Cai', 1, ''),
(38, 'Lâm Đồng', 1, ''),
(39, 'Long An', 1, ''),
(40, 'Nam Định', 1, ''),
(41, 'Nghệ An', 1, ''),
(42, 'Ninh Bình', 1, ''),
(43, 'Ninh Thuận', 1, ''),
(44, 'Phú Thọ', 1, ''),
(45, 'Phú Yên', 1, ''),
(46, 'Quảng Bình', 1, ''),
(47, 'Quảng Nam', 1, ''),
(48, 'Quảng Ngãi', 1, ''),
(49, 'Quảng Ninh', 1, ''),
(50, 'Quảng Trị', 1, ''),
(51, 'Sóc Trăng', 1, ''),
(52, 'Sơn La', 1, ''),
(53, 'Tây Ninh', 1, ''),
(54, 'Thái Bình', 1, ''),
(55, 'Thái Nguyên', 1, ''),
(56, 'Thanh Hóa', 1, ''),
(57, 'Thừa Thiên Huế', 1, ''),
(58, 'Tiền Giang', 1, ''),
(59, 'Trà Vinh', 1, ''),
(60, 'Tuyên Quang', 1, ''),
(61, 'Vĩnh Long', 1, ''),
(62, 'Vĩnh Phúc', 1, ''),
(63, 'Yên Bái', 1, ''),
(64, 'Ba Vì', 2, '');

-- --------------------------------------------------------

--
-- Cấu trúc bảng cho bảng `censorship`
--

CREATE TABLE `censorship` (
  `IDArticle` int(11) NOT NULL,
  `IDUser` int(11) NOT NULL,
  `IDStatus` int(11) NOT NULL,
  `Date` datetime NOT NULL,
  `Reason` varchar(200) CHARACTER SET utf8mb4 COLLATE utf8mb4_unicode_ci NOT NULL
) ENGINE=InnoDB DEFAULT CHARSET=armscii8;

--
-- Đang đổ dữ liệu cho bảng `censorship`
--

INSERT INTO `censorship` (`IDArticle`, `IDUser`, `IDStatus`, `Date`, `Reason`) VALUES
(4, 3, 4, '2021-03-13 22:49:02', ''),
(5, 3, 4, '2021-03-13 22:49:06', ''),
(6, 3, 4, '2021-03-13 22:49:10', ''),
(7, 3, 4, '2021-03-13 22:49:13', ''),
(8, 3, 4, '2021-03-13 22:00:27', ''),
(8, 3, 4, '2021-03-14 00:01:30', ''),
(9, 3, 4, '2021-03-13 21:58:54', ''),
(11, 3, 4, '2021-03-13 23:58:33', ''),
(12, 3, 4, '2021-03-14 00:18:40', '');

-- --------------------------------------------------------

--
-- Cấu trúc bảng cho bảng `comment`
--

CREATE TABLE `comment` (
  `IDArticle` int(11) NOT NULL,
  `IDUser` int(11) NOT NULL,
  `Date` datetime NOT NULL,
  `Comment` text CHARACTER SET utf8 COLLATE utf8_unicode_ci NOT NULL
) ENGINE=InnoDB DEFAULT CHARSET=armscii8;

-- --------------------------------------------------------

--
-- Cấu trúc bảng cho bảng `refreshtoken`
--

CREATE TABLE `refreshtoken` (
  `IDToken` int(11) NOT NULL,
  `IDUser` int(11) NOT NULL,
  `Token` text NOT NULL
) ENGINE=InnoDB DEFAULT CHARSET=utf8mb4;

-- --------------------------------------------------------

--
-- Cấu trúc bảng cho bảng `status`
--

CREATE TABLE `status` (
  `IDStatus` int(11) NOT NULL,
  `StatusName` varchar(100) NOT NULL
) ENGINE=InnoDB DEFAULT CHARSET=armscii8;

--
-- Đang đổ dữ liệu cho bảng `status`
--

INSERT INTO `status` (`IDStatus`, `StatusName`) VALUES
(1, 'alive'),
(2, 'deleted'),
(3, 'published'),
(4, 'approved'),
(5, 'denied'),
(6, 'draft');

-- --------------------------------------------------------

--
-- Cấu trúc bảng cho bảng `sub_categories`
--

CREATE TABLE `sub_categories` (
  `IDSubCategory` int(11) NOT NULL,
  `IDCategory` int(11) NOT NULL,
  `SubCategoryName` varchar(200) CHARACTER SET utf8 COLLATE utf8_unicode_ci NOT NULL,
  `Status` int(11) NOT NULL DEFAULT 1,
  `avt` varchar(100) NOT NULL
) ENGINE=InnoDB DEFAULT CHARSET=utf8mb4;

--
-- Đang đổ dữ liệu cho bảng `sub_categories`
--

INSERT INTO `sub_categories` (`IDSubCategory`, `IDCategory`, `SubCategoryName`, `Status`, `avt`) VALUES
(1, 30, 'Địa đạo Củ Chi', 1, ''),
(2, 30, 'Dinh độc lập', 1, ''),
(3, 42, 'Quần thể danh thắng Tràng An', 1, ''),
(4, 42, 'Tam Cốc', 1, ''),
(5, 47, 'Thánh địa Mỹ Sơn', 1, ''),
(6, 37, 'Sapa', 1, ''),
(7, 13, 'Thác Bản Giốc', 1, ''),
(8, 24, 'Hồ Hoàn Kiếm', 1, ''),
(9, 57, 'Cố đô Huế', 1, ''),
(10, 57, 'Chùa Thiên Mụ', 1, ''),
(11, 19, 'Suối Mơ', 1, ''),
(12, 60, 'Khu di tích Tân Trào', 1, ''),
(13, 15, 'Bãi biển Mỹ Khê', 1, ''),
(14, 15, 'Ngũ Hành Sơn', 1, ''),
(15, 47, 'Phố cổ Hội An', 1, ''),
(16, 46, 'Phong Nha Kẻ Bàng', 1, ''),
(17, 49, 'Vịnh Hạ Long', 1, ''),
(18, 32, 'Tháp Chàm Po Nagar', 1, ''),
(19, 38, 'Đà Lạt', 1, ''),
(20, 2, 'Côn Đảo', 1, ''),
(21, 19, 'Đá Ba Chồng', 1, '');

-- --------------------------------------------------------

--
-- Cấu trúc bảng cho bảng `tags`
--

CREATE TABLE `tags` (
  `IDTag` int(11) NOT NULL,
  `TagName` varchar(200) CHARACTER SET utf8 COLLATE utf8_unicode_ci NOT NULL,
  `Status` int(11) NOT NULL DEFAULT 1
) ENGINE=InnoDB DEFAULT CHARSET=armscii8;

--
-- Đang đổ dữ liệu cho bảng `tags`
--

INSERT INTO `tags` (`IDTag`, `TagName`, `Status`) VALUES
(1, '213213', 1),
(2, 'diadaocuchi', 1),
(3, 'vinh ha long', 1),
(4, 'pho co hoi an', 1),
(5, 'hoi an', 1),
(6, 'quang nam', 1),
(7, 'phong nha ke bang', 1),
(8, 'quang binh', 1),
(9, 'dia dao cu chi', 1),
(10, 'suoi mo', 1),
(11, 'sdf', 1),
(12, 'dsf', 1);

-- --------------------------------------------------------

--
-- Cấu trúc bảng cho bảng `typeofuser`
--

CREATE TABLE `typeofuser` (
  `IDType` int(11) NOT NULL,
  `TypeName` varchar(100) NOT NULL
) ENGINE=InnoDB DEFAULT CHARSET=armscii8;

--
-- Đang đổ dữ liệu cho bảng `typeofuser`
--

INSERT INTO `typeofuser` (`IDType`, `TypeName`) VALUES
(1, 'subscriber'),
(2, 'writer'),
(3, 'adminitrator');

-- --------------------------------------------------------

--
-- Cấu trúc bảng cho bảng `users`
--

CREATE TABLE `users` (
  `IDUser` int(11) NOT NULL,
  `FullName` varchar(100) CHARACTER SET utf8 COLLATE utf8_unicode_ci NOT NULL,
  `Avatar` varchar(200) CHARACTER SET utf8 COLLATE utf8_unicode_ci NOT NULL,
  `Phone` varchar(11) NOT NULL,
  `Email` varchar(100) NOT NULL,
  `Address` varchar(100) CHARACTER SET utf8 COLLATE utf8_unicode_ci NOT NULL,
  `DOB` date NOT NULL,
  `NickName` varchar(200) NOT NULL,
  `UserName` varchar(100) CHARACTER SET utf8 COLLATE utf8_unicode_ci NOT NULL,
  `Password` varchar(200) NOT NULL,
  `TypeOfUser` int(11) NOT NULL,
  `Status` int(11) NOT NULL,
  `idFacebook` varchar(200) NOT NULL
) ENGINE=InnoDB DEFAULT CHARSET=armscii8;

--
-- Đang đổ dữ liệu cho bảng `users`
--

INSERT INTO `users` (`IDUser`, `FullName`, `Avatar`, `Phone`, `Email`, `Address`, `DOB`, `NickName`, `UserName`, `Password`, `TypeOfUser`, `Status`, `idFacebook`) VALUES
(3, 'son', '9.jpg', '1234567891', '123@gmail.com', '123', '2021-03-16', 'SOS', 'admin', '$2a$08$c94RCgQ50sh2yP6.aqvBJeZoH2MObKO9Wfn49vtPAVwY7gg0irLAy', 3, 1, ''),
(4, 'son', '9.jpg', '1234567891', 'hovanson184199@gmail.com', '135 Tran Hung Dao, Quan 1, TP HCM', '1999-03-19', '', 'user', '$2a$08$G.BxQi8sX8V8ohhmVZvxvOxP50qfIHvPtBCYApqCoVlTEqABuhW9e', 1, 1, ''),
(5, 'Thien', '9.jpg', '0962988109', 'Thien@gmail.com', '135 Tran Hung Dao, Quan 1, TP HCM', '1999-03-12', 'YOI', 'writer', '$2a$08$pE5pa1NBptmuqGeILPkJ3.7Cwz3cjVRtB023lfuLQkSlh483HhO0i', 2, 1, '');

-- --------------------------------------------------------

--
-- Cấu trúc bảng cho bảng `user_premium`
--

CREATE TABLE `user_premium` (
  `IDUser` int(11) NOT NULL,
  `DateEnd` datetime NOT NULL
) ENGINE=InnoDB DEFAULT CHARSET=utf8mb4;

--
-- Chỉ mục cho các bảng đã đổ
--

--
-- Chỉ mục cho bảng `article`
--
ALTER TABLE `article`
  ADD PRIMARY KEY (`IDArticle`),
  ADD KEY `FK_A_U` (`Writter`),
  ADD KEY `FK_A_S` (`Status`),
  ADD KEY `FK_A_C` (`IDCate`),
  ADD KEY `FK_A_SC` (`IDSubCategory`);
ALTER TABLE `article` ADD FULLTEXT KEY `Title` (`Title`,`Abstract`,`Content`);

--
-- Chỉ mục cho bảng `article_tag`
--
ALTER TABLE `article_tag`
  ADD PRIMARY KEY (`IDArticle`,`IDTag`),
  ADD KEY `FK_AT_T` (`IDTag`);

--
-- Chỉ mục cho bảng `cate`
--
ALTER TABLE `cate`
  ADD PRIMARY KEY (`IDCategory`);

--
-- Chỉ mục cho bảng `censorship`
--
ALTER TABLE `censorship`
  ADD PRIMARY KEY (`IDArticle`,`IDUser`,`IDStatus`,`Date`),
  ADD KEY `FK_CEN_S` (`IDStatus`);

--
-- Chỉ mục cho bảng `comment`
--
ALTER TABLE `comment`
  ADD PRIMARY KEY (`IDArticle`,`IDUser`,`Date`),
  ADD KEY `FK_COM_U` (`IDUser`);

--
-- Chỉ mục cho bảng `refreshtoken`
--
ALTER TABLE `refreshtoken`
  ADD PRIMARY KEY (`IDToken`),
  ADD KEY `USER_TOKEN` (`IDUser`);

--
-- Chỉ mục cho bảng `status`
--
ALTER TABLE `status`
  ADD PRIMARY KEY (`IDStatus`);

--
-- Chỉ mục cho bảng `sub_categories`
--
ALTER TABLE `sub_categories`
  ADD PRIMARY KEY (`IDSubCategory`,`IDCategory`),
  ADD KEY `FK_SC_C` (`IDCategory`);

--
-- Chỉ mục cho bảng `tags`
--
ALTER TABLE `tags`
  ADD PRIMARY KEY (`IDTag`);

--
-- Chỉ mục cho bảng `typeofuser`
--
ALTER TABLE `typeofuser`
  ADD PRIMARY KEY (`IDType`);

--
-- Chỉ mục cho bảng `users`
--
ALTER TABLE `users`
  ADD PRIMARY KEY (`IDUser`),
  ADD KEY `FK_U_TOU` (`TypeOfUser`),
  ADD KEY `FK_U_S` (`Status`);

--
-- Chỉ mục cho bảng `user_premium`
--
ALTER TABLE `user_premium`
  ADD PRIMARY KEY (`IDUser`,`DateEnd`);

--
-- AUTO_INCREMENT cho các bảng đã đổ
--

--
-- AUTO_INCREMENT cho bảng `article`
--
ALTER TABLE `article`
  MODIFY `IDArticle` int(11) NOT NULL AUTO_INCREMENT, AUTO_INCREMENT=16;

--
-- AUTO_INCREMENT cho bảng `cate`
--
ALTER TABLE `cate`
  MODIFY `IDCategory` int(11) NOT NULL AUTO_INCREMENT, AUTO_INCREMENT=65;

--
-- AUTO_INCREMENT cho bảng `refreshtoken`
--
ALTER TABLE `refreshtoken`
  MODIFY `IDToken` int(11) NOT NULL AUTO_INCREMENT;

--
-- AUTO_INCREMENT cho bảng `status`
--
ALTER TABLE `status`
  MODIFY `IDStatus` int(11) NOT NULL AUTO_INCREMENT, AUTO_INCREMENT=7;

--
-- AUTO_INCREMENT cho bảng `sub_categories`
--
ALTER TABLE `sub_categories`
  MODIFY `IDSubCategory` int(11) NOT NULL AUTO_INCREMENT, AUTO_INCREMENT=22;

--
-- AUTO_INCREMENT cho bảng `tags`
--
ALTER TABLE `tags`
  MODIFY `IDTag` int(11) NOT NULL AUTO_INCREMENT, AUTO_INCREMENT=13;

--
-- AUTO_INCREMENT cho bảng `typeofuser`
--
ALTER TABLE `typeofuser`
  MODIFY `IDType` int(11) NOT NULL AUTO_INCREMENT, AUTO_INCREMENT=4;

--
-- AUTO_INCREMENT cho bảng `users`
--
ALTER TABLE `users`
  MODIFY `IDUser` int(11) NOT NULL AUTO_INCREMENT, AUTO_INCREMENT=6;

--
-- Các ràng buộc cho các bảng đã đổ
--

--
-- Các ràng buộc cho bảng `article`
--
ALTER TABLE `article`
  ADD CONSTRAINT `FK_A_S` FOREIGN KEY (`Status`) REFERENCES `status` (`IDStatus`),
  ADD CONSTRAINT `FK_A_SC` FOREIGN KEY (`IDSubCategory`) REFERENCES `sub_categories` (`IDSubCategory`),
  ADD CONSTRAINT `FK_A_U` FOREIGN KEY (`Writter`) REFERENCES `users` (`IDUser`);

--
-- Các ràng buộc cho bảng `article_tag`
--
ALTER TABLE `article_tag`
  ADD CONSTRAINT `FK_AT_A` FOREIGN KEY (`IDArticle`) REFERENCES `article` (`IDArticle`),
  ADD CONSTRAINT `FK_AT_T` FOREIGN KEY (`IDTag`) REFERENCES `tags` (`IDTag`);

--
-- Các ràng buộc cho bảng `censorship`
--
ALTER TABLE `censorship`
  ADD CONSTRAINT `FK_CEN_A` FOREIGN KEY (`IDArticle`) REFERENCES `article` (`IDArticle`),
  ADD CONSTRAINT `FK_CEN_S` FOREIGN KEY (`IDStatus`) REFERENCES `status` (`IDStatus`);

--
-- Các ràng buộc cho bảng `comment`
--
ALTER TABLE `comment`
  ADD CONSTRAINT `FK_COM_A` FOREIGN KEY (`IDArticle`) REFERENCES `article` (`IDArticle`),
  ADD CONSTRAINT `FK_COM_U` FOREIGN KEY (`IDUser`) REFERENCES `users` (`IDUser`);

--
-- Các ràng buộc cho bảng `refreshtoken`
--
ALTER TABLE `refreshtoken`
  ADD CONSTRAINT `USER_TOKEN` FOREIGN KEY (`IDUser`) REFERENCES `users` (`IDUser`);

--
-- Các ràng buộc cho bảng `sub_categories`
--
ALTER TABLE `sub_categories`
  ADD CONSTRAINT `FK_SC_C` FOREIGN KEY (`IDCategory`) REFERENCES `cate` (`IDCategory`);

--
-- Các ràng buộc cho bảng `users`
--
ALTER TABLE `users`
  ADD CONSTRAINT `FK_U_S` FOREIGN KEY (`Status`) REFERENCES `status` (`IDStatus`),
  ADD CONSTRAINT `FK_U_TOU` FOREIGN KEY (`TypeOfUser`) REFERENCES `typeofuser` (`IDType`);

--
-- Các ràng buộc cho bảng `user_premium`
--
ALTER TABLE `user_premium`
  ADD CONSTRAINT `FK_UP_U` FOREIGN KEY (`IDUser`) REFERENCES `users` (`IDUser`);
COMMIT;

/*!40101 SET CHARACTER_SET_CLIENT=@OLD_CHARACTER_SET_CLIENT */;
/*!40101 SET CHARACTER_SET_RESULTS=@OLD_CHARACTER_SET_RESULTS */;
/*!40101 SET COLLATION_CONNECTION=@OLD_COLLATION_CONNECTION */;
